,open,high,low,close,volume
2022-03-28 09:30:00,57.01,57.01,57.0,57.01,73
2022-03-28 09:31:00,57.02,57.02,56.43,56.43,8
2022-03-28 09:32:00,56.57,56.94,56.46,56.89,30
2022-03-28 09:33:00,56.46,56.73,56.46,56.73,2
2022-03-28 09:34:00,56.76,56.76,56.54,56.54,2
2022-03-28 09:35:00,56.76,56.77,56.51,56.51,3
2022-03-28 09:36:00,56.51,56.93,56.51,56.93,10
2022-03-28 09:37:00,57.09,57.36,56.84,57.36,15
2022-03-28 09:38:00,57.01,57.24,57.01,57.22,25
2022-03-28 09:39:00,57.34,57.34,57.21,57.3,11
2022-03-28 09:40:00,57.07,57.23,57.01,57.02,10
2022-03-28 09:41:00,56.86,57.18,56.86,57.18,4
2022-03-28 09:42:00,57.35,57.35,57.05,57.06,6
2022-03-28 09:43:00,57.34,57.51,57.33,57.33,19
2022-03-28 09:44:00,57.32,57.47,57.31,57.47,4
2022-03-28 09:45:00,57.34,57.47,57.33,57.47,3
2022-03-28 09:46:00,57.15,57.3,57.15,57.3,9
2022-03-28 09:47:00,57.3,57.3,57.3,57.3,0
2022-03-28 09:48:00,57.26,57.26,57.26,57.26,2
2022-03-28 09:49:00,57.08,57.23,57.08,57.23,4
2022-03-28 09:50:00,57.14,57.14,57.05,57.05,2
2022-03-28 09:51:00,57.05,57.05,57.05,57.05,0
2022-03-28 09:52:00,57.29,57.3,57.15,57.15,4
2022-03-28 09:53:00,57.25,57.25,57.13,57.15,7
2022-03-28 09:54:00,57.3,57.64,57.29,57.49,33
2022-03-28 09:55:00,57.46,57.82,57.46,57.82,18
2022-03-28 09:56:00,57.7,57.99,57.7,57.84,36
2022-03-28 09:57:00,57.85,58.0,57.77,57.85,51
2022-03-28 09:58:00,57.72,57.88,57.72,57.88,9
2022-03-28 09:59:00,57.88,57.88,57.88,57.88,0
2022-03-28 10:00:00,57.75,57.91,57.58,57.59,26
2022-03-28 10:01:00,57.44,57.49,57.23,57.49,14
2022-03-28 10:02:00,57.49,57.51,57.44,57.44,5
2022-03-28 10:03:00,57.37,57.49,57.37,57.49,9
2022-03-28 10:04:00,57.41,57.55,57.41,57.55,2
2022-03-28 10:05:00,57.68,57.68,57.68,57.68,1
2022-03-28 10:06:00,57.68,57.68,57.68,57.68,0
2022-03-28 10:07:00,58.0,58.0,57.96,57.96,6
2022-03-28 10:08:00,58.06,58.11,58.06,58.11,3
2022-03-28 10:09:00,58.12,58.12,57.64,57.64,30
2022-03-28 10:10:00,57.59,57.59,57.5,57.5,3
2022-03-28 10:11:00,57.57,57.67,57.57,57.57,3
2022-03-28 10:12:00,57.71,57.71,57.65,57.65,5
2022-03-28 10:13:00,57.65,57.65,57.65,57.65,0
2022-03-28 10:14:00,57.71,57.71,57.7,57.71,4
2022-03-28 10:15:00,57.68,57.73,57.57,57.73,10
2022-03-28 10:16:00,57.8,57.8,57.51,57.51,3
2022-03-28 10:17:00,57.57,57.57,57.56,57.57,3
2022-03-28 10:18:00,57.57,57.57,57.57,57.57,0
2022-03-28 10:19:00,57.57,57.57,57.57,57.57,0
2022-03-28 10:20:00,57.41,57.41,57.41,57.41,1
2022-03-28 10:21:00,57.28,57.29,57.28,57.28,5
2022-03-28 10:22:00,57.28,57.28,57.28,57.28,0
2022-03-28 10:23:00,57.19,57.24,57.18,57.23,2
2022-03-28 10:24:00,57.23,57.23,57.23,57.23,0
2022-03-28 10:25:00,57.11,57.3,56.95,57.3,62
2022-03-28 10:26:00,57.1,57.2,57.02,57.06,7
2022-03-28 10:27:00,57.02,57.02,57.01,57.02,1
2022-03-28 10:28:00,57.1,57.14,56.95,57.07,11
2022-03-28 10:29:00,57.07,57.07,57.07,57.07,0
2022-03-28 10:30:00,57.08,57.11,56.94,56.96,9
2022-03-28 10:31:00,56.98,56.98,56.88,56.88,3
2022-03-28 10:32:00,56.96,56.97,56.88,56.97,3
2022-03-28 10:33:00,56.88,56.88,56.77,56.78,12
2022-03-28 10:34:00,56.73,56.74,56.73,56.73,1
2022-03-28 10:35:00,56.75,56.81,56.7,56.77,16
2022-03-28 10:36:00,56.7,56.74,56.7,56.74,9
2022-03-28 10:37:00,56.67,56.71,56.6,56.61,9
2022-03-28 10:38:00,56.55,56.6,56.55,56.56,9
2022-03-28 10:39:00,56.55,56.6,56.55,56.55,3
2022-03-28 10:40:00,56.59,56.59,56.59,56.59,1
2022-03-28 10:41:00,56.61,56.62,56.59,56.59,3
2022-03-28 10:42:00,56.59,56.59,56.59,56.59,0
2022-03-28 10:43:00,56.68,56.7,56.56,56.56,14
2022-03-28 10:44:00,56.66,56.66,56.58,56.59,2
2022-03-28 10:45:00,56.67,56.88,56.67,56.87,10
2022-03-28 10:46:00,56.91,56.92,56.91,56.92,3
2022-03-28 10:47:00,56.92,56.92,56.92,56.92,0
2022-03-28 10:48:00,56.9,57.0,56.9,57.0,3
2022-03-28 10:49:00,56.96,56.96,56.96,56.96,2
2022-03-28 10:50:00,57.0,57.0,56.96,56.98,19
2022-03-28 10:51:00,56.94,56.95,56.9,56.9,8
2022-03-28 10:52:00,56.87,56.87,56.84,56.84,2
2022-03-28 10:53:00,56.83,56.83,56.83,56.83,10
2022-03-28 10:54:00,56.83,56.83,56.83,56.83,0
2022-03-28 10:55:00,57.0,57.0,57.0,57.0,1
2022-03-28 10:56:00,56.91,56.91,56.91,56.91,1
2022-03-28 10:57:00,56.84,56.84,56.82,56.82,2
2022-03-28 10:58:00,56.82,56.82,56.82,56.82,0
2022-03-28 10:59:00,56.81,56.81,56.81,56.81,1
2022-03-28 11:00:00,56.87,56.94,56.87,56.91,7
2022-03-28 11:01:00,56.96,57.1,56.86,56.87,55
2022-03-28 11:02:00,56.9,56.91,56.84,56.9,26
2022-03-28 11:03:00,56.96,56.96,56.96,56.96,1
2022-03-28 11:04:00,57.01,57.01,57.01,57.01,1
2022-03-28 11:05:00,57.01,57.01,56.78,56.78,5
2022-03-28 11:06:00,56.78,56.78,56.78,56.78,0
2022-03-28 11:07:00,56.71,56.71,56.59,56.64,6
2022-03-28 11:08:00,56.64,56.64,56.64,56.64,0
2022-03-28 11:09:00,56.63,56.63,56.62,56.63,1
2022-03-28 11:10:00,56.7,56.73,56.69,56.7,8
2022-03-28 11:11:00,56.78,56.85,56.76,56.78,7
2022-03-28 11:12:00,56.77,56.77,56.69,56.7,7
2022-03-28 11:13:00,56.7,56.7,56.7,56.7,0
2022-03-28 11:14:00,56.64,56.71,56.63,56.71,4
2022-03-28 11:15:00,56.76,56.76,56.68,56.75,35
2022-03-28 11:16:00,56.76,56.76,56.67,56.68,33
2022-03-28 11:17:00,56.75,56.83,56.75,56.83,5
2022-03-28 11:18:00,56.75,56.75,56.74,56.75,1
2022-03-28 11:19:00,56.76,56.76,56.76,56.76,1
2022-03-28 11:20:00,56.77,56.78,56.71,56.75,15
2022-03-28 11:21:00,56.7,56.74,56.67,56.67,9
2022-03-28 11:22:00,56.66,56.66,56.66,56.66,1
2022-03-28 11:23:00,56.65,56.65,56.61,56.62,5
2022-03-28 11:24:00,56.56,56.56,56.56,56.56,1
2022-03-28 11:25:00,56.56,56.57,56.25,56.35,32
2022-03-28 11:26:00,56.35,56.35,56.34,56.35,1
2022-03-28 11:27:00,56.42,56.43,56.42,56.43,2
2022-03-28 11:28:00,56.43,56.43,56.43,56.43,0
2022-03-28 11:29:00,56.5,56.56,56.41,56.41,19
2022-03-28 11:30:00,56.41,56.46,56.29,56.45,16
2022-03-28 11:31:00,56.5,56.5,56.27,56.27,26
2022-03-28 11:32:00,56.23,56.29,56.2,56.29,15
2022-03-28 11:33:00,56.29,56.29,56.01,56.01,17
2022-03-28 11:34:00,56.08,56.14,56.03,56.07,9
2022-03-28 11:35:00,56.06,56.08,56.03,56.08,10
2022-03-28 11:36:00,56.0,56.04,55.86,55.95,32
2022-03-28 11:37:00,55.92,55.97,55.92,55.97,2
2022-03-28 11:38:00,56.01,56.01,55.96,55.98,14
2022-03-28 11:39:00,55.98,55.98,55.98,55.98,0
2022-03-28 11:40:00,55.97,55.98,55.93,55.98,10
2022-03-28 11:41:00,56.06,56.06,56.03,56.03,3
2022-03-28 11:42:00,56.1,56.1,56.06,56.06,5
2022-03-28 11:43:00,56.12,56.12,56.12,56.12,1
2022-03-28 11:44:00,56.11,56.11,56.11,56.11,1
2022-03-28 11:45:00,56.07,56.09,56.04,56.04,6
2022-03-28 11:46:00,55.99,55.99,55.93,55.97,9
2022-03-28 11:47:00,56.0,56.0,55.99,56.0,3
2022-03-28 11:48:00,56.05,56.06,56.05,56.05,2
2022-03-28 11:49:00,55.97,55.99,55.95,55.96,6
2022-03-28 11:50:00,55.9,55.96,55.81,55.95,27
2022-03-28 11:51:00,55.95,55.95,55.95,55.95,0
2022-03-28 11:52:00,55.95,55.95,55.95,55.95,0
2022-03-28 11:53:00,56.09,56.09,56.09,56.09,2
2022-03-28 11:54:00,56.02,56.02,56.02,56.02,1
2022-03-28 11:55:00,56.05,56.2,56.05,56.09,11
2022-03-28 11:56:00,56.09,56.09,56.09,56.09,0
2022-03-28 11:57:00,56.2,56.27,56.2,56.27,6
2022-03-28 11:58:00,56.27,56.27,56.27,56.27,0
2022-03-28 11:59:00,56.21,56.22,56.07,56.08,39
2022-03-28 12:00:00,56.07,56.07,56.07,56.07,1
2022-03-28 12:01:00,56.21,56.21,56.21,56.21,5
2022-03-28 12:02:00,56.32,56.32,56.3,56.3,2
2022-03-28 12:03:00,56.37,56.37,56.3,56.3,3
2022-03-28 12:04:00,56.41,56.41,56.41,56.41,2
2022-03-28 12:05:00,56.33,56.39,56.33,56.39,4
2022-03-28 12:06:00,56.39,56.39,56.39,56.39,0
2022-03-28 12:07:00,56.44,56.44,56.44,56.44,5
2022-03-28 12:08:00,56.44,56.44,56.44,56.44,0
2022-03-28 12:09:00,56.45,56.45,56.45,56.45,3
2022-03-28 12:10:00,56.34,56.34,56.24,56.24,4
2022-03-28 12:11:00,56.23,56.23,56.23,56.23,2
2022-03-28 12:12:00,56.15,56.15,55.98,55.98,28
2022-03-28 12:13:00,55.93,55.96,55.9,55.93,14
2022-03-28 12:14:00,55.86,55.91,55.82,55.89,34
2022-03-28 12:15:00,55.9,55.96,55.9,55.96,6
2022-03-28 12:16:00,56.0,56.03,55.93,55.93,27
2022-03-28 12:17:00,56.01,56.02,55.98,56.0,7
2022-03-28 12:18:00,56.0,56.0,56.0,56.0,2
2022-03-28 12:19:00,55.91,55.91,55.9,55.91,8
2022-03-28 12:20:00,55.91,55.94,55.9,55.94,3
2022-03-28 12:21:00,56.08,56.08,56.08,56.08,1
2022-03-28 12:22:00,56.08,56.08,56.08,56.08,0
2022-03-28 12:23:00,56.08,56.08,56.08,56.08,0
2022-03-28 12:24:00,56.08,56.08,56.08,56.08,0
2022-03-28 12:25:00,56.08,56.08,56.08,56.08,0
2022-03-28 12:26:00,56.19,56.19,56.12,56.12,43
2022-03-28 12:27:00,56.13,56.13,56.07,56.07,6
2022-03-28 12:28:00,56.07,56.07,56.0,56.0,6
2022-03-28 12:29:00,56.0,56.0,55.91,55.99,7
2022-03-28 12:30:00,55.99,56.05,55.99,56.03,15
2022-03-28 12:31:00,56.09,56.09,56.06,56.07,2
2022-03-28 12:32:00,56.11,56.19,56.03,56.19,42
2022-03-28 12:33:00,56.2,56.2,56.19,56.2,2
2022-03-28 12:34:00,56.2,56.2,56.14,56.14,5
2022-03-28 12:35:00,56.14,56.14,56.14,56.14,0
2022-03-28 12:36:00,56.21,56.21,56.21,56.21,1
2022-03-28 12:37:00,56.1,56.1,56.02,56.02,2
2022-03-28 12:38:00,56.02,56.02,56.02,56.02,0
2022-03-28 12:39:00,56.02,56.02,56.02,56.02,0
2022-03-28 12:40:00,56.19,56.19,56.19,56.19,1
2022-03-28 12:41:00,56.19,56.19,56.19,56.19,0
2022-03-28 12:42:00,56.23,56.23,56.23,56.23,1
2022-03-28 12:43:00,56.23,56.23,56.23,56.23,0
2022-03-28 12:44:00,56.2,56.26,56.19,56.22,8
2022-03-28 12:45:00,56.16,56.23,56.16,56.21,14
2022-03-28 12:46:00,56.16,56.21,56.13,56.21,13
2022-03-28 12:47:00,56.13,56.17,56.09,56.1,9
2022-03-28 12:48:00,56.06,56.1,56.06,56.1,2
2022-03-28 12:49:00,56.13,56.13,56.13,56.13,2
2022-03-28 12:50:00,56.18,56.22,56.17,56.22,2
2022-03-28 12:51:00,56.26,56.26,56.25,56.26,2
2022-03-28 12:52:00,56.26,56.26,56.26,56.26,0
2022-03-28 12:53:00,56.31,56.31,56.31,56.31,2
2022-03-28 12:54:00,56.31,56.39,56.3,56.39,4
2022-03-28 12:55:00,56.43,56.43,56.43,56.43,1
2022-03-28 12:56:00,56.4,56.5,56.4,56.48,45
2022-03-28 12:57:00,56.43,56.46,56.41,56.41,9
2022-03-28 12:58:00,56.44,56.46,56.43,56.44,6
2022-03-28 12:59:00,56.47,56.57,56.47,56.57,24
2022-03-28 13:00:00,56.6,56.6,56.58,56.6,20
2022-03-28 13:01:00,56.6,56.6,56.5,56.5,18
2022-03-28 13:02:00,56.5,56.5,56.5,56.5,0
2022-03-28 13:03:00,56.5,56.5,56.49,56.49,3
2022-03-28 13:04:00,56.46,56.5,56.44,56.5,22
2022-03-28 13:05:00,56.6,56.65,56.58,56.64,56
2022-03-28 13:06:00,56.61,56.61,56.55,56.6,4
2022-03-28 13:07:00,56.6,56.6,56.6,56.6,1
2022-03-28 13:08:00,56.48,56.48,56.47,56.47,2
2022-03-28 13:09:00,56.4,56.4,56.4,56.4,1
2022-03-28 13:10:00,56.4,56.4,56.4,56.4,0
2022-03-28 13:11:00,56.4,56.4,56.4,56.4,0
2022-03-28 13:12:00,56.5,56.5,56.48,56.48,2
2022-03-28 13:13:00,56.48,56.48,56.48,56.48,0
2022-03-28 13:14:00,56.44,56.44,56.44,56.44,5
2022-03-28 13:15:00,56.44,56.44,56.44,56.44,0
2022-03-28 13:16:00,56.45,56.45,56.45,56.45,2
2022-03-28 13:17:00,56.45,56.45,56.45,56.45,3
2022-03-28 13:18:00,56.45,56.45,56.45,56.45,0
2022-03-28 13:19:00,56.49,56.5,56.49,56.5,2
2022-03-28 13:20:00,56.59,56.59,56.58,56.59,10
2022-03-28 13:21:00,56.65,56.65,56.62,56.63,16
2022-03-28 13:22:00,56.6,56.65,56.6,56.6,17
2022-03-28 13:23:00,56.62,56.63,56.62,56.62,1
2022-03-28 13:24:00,56.61,56.62,56.6,56.62,4
2022-03-28 13:25:00,56.62,56.62,56.62,56.62,2
2022-03-28 13:26:00,56.62,56.62,56.62,56.62,0
2022-03-28 13:27:00,56.65,56.7,56.65,56.7,20
2022-03-28 13:28:00,56.7,56.7,56.7,56.7,0
2022-03-28 13:29:00,56.65,56.65,56.65,56.65,1
2022-03-28 13:30:00,56.7,56.7,56.69,56.7,29
2022-03-28 13:31:00,56.7,56.75,56.7,56.7,59
2022-03-28 13:32:00,56.74,56.74,56.68,56.72,7
2022-03-28 13:33:00,56.72,56.72,56.72,56.72,0
2022-03-28 13:34:00,56.72,56.72,56.72,56.72,0
2022-03-28 13:35:00,56.8,56.9,56.8,56.9,4
2022-03-28 13:36:00,57.0,57.0,56.99,57.0,2
2022-03-28 13:37:00,56.93,57.04,56.9,56.91,24
2022-03-28 13:38:00,56.91,56.91,56.91,56.91,0
2022-03-28 13:39:00,56.91,56.91,56.91,56.91,0
2022-03-28 13:40:00,56.97,56.97,56.97,56.97,1
2022-03-28 13:41:00,56.99,57.03,56.92,56.92,24
2022-03-28 13:42:00,57.0,57.0,56.96,56.97,2
2022-03-28 13:43:00,57.0,57.0,57.0,57.0,1
2022-03-28 13:44:00,57.0,57.0,57.0,57.0,0
2022-03-28 13:45:00,57.02,57.03,57.02,57.03,2
2022-03-28 13:46:00,57.0,57.0,57.0,57.0,1
2022-03-28 13:47:00,56.99,56.99,56.94,56.94,3
2022-03-28 13:48:00,56.91,56.92,56.85,56.92,17
2022-03-28 13:49:00,56.85,56.85,56.85,56.85,1
2022-03-28 13:50:00,56.85,56.85,56.85,56.85,0
2022-03-28 13:51:00,56.85,56.85,56.85,56.85,0
2022-03-28 13:52:00,56.76,56.76,56.76,56.76,1
2022-03-28 13:53:00,56.7,56.7,56.7,56.7,1
2022-03-28 13:54:00,56.76,56.82,56.76,56.82,2
2022-03-28 13:55:00,56.82,56.82,56.82,56.82,0
2022-03-28 13:56:00,56.82,56.82,56.82,56.82,0
2022-03-28 13:57:00,56.7,56.8,56.7,56.8,7
2022-03-28 13:58:00,56.8,56.8,56.8,56.8,0
2022-03-28 13:59:00,56.85,56.91,56.85,56.85,7
2022-03-28 14:00:00,56.85,56.85,56.85,56.85,0
2022-03-28 14:01:00,56.92,56.92,56.92,56.92,1
2022-03-28 14:02:00,56.98,56.98,56.98,56.98,1
2022-03-28 14:03:00,56.81,56.96,56.81,56.96,12
2022-03-28 14:04:00,56.91,56.91,56.9,56.91,1
2022-03-28 14:05:00,56.95,56.95,56.68,56.68,23
2022-03-28 14:06:00,56.78,56.8,56.65,56.65,5
2022-03-28 14:07:00,56.65,56.65,56.65,56.65,0
2022-03-28 14:08:00,56.71,56.75,56.71,56.75,3
2022-03-28 14:09:00,56.83,56.83,56.83,56.83,2
2022-03-28 14:10:00,56.9,56.9,56.87,56.87,3
2022-03-28 14:11:00,56.84,56.84,56.77,56.82,4
2022-03-28 14:12:00,56.82,56.82,56.82,56.82,0
2022-03-28 14:13:00,56.73,56.79,56.72,56.79,4
2022-03-28 14:14:00,56.86,56.86,56.85,56.86,1
2022-03-28 14:15:00,56.86,56.86,56.86,56.86,0
2022-03-28 14:16:00,56.86,56.86,56.86,56.86,0
2022-03-28 14:17:00,56.88,56.92,56.87,56.92,2
2022-03-28 14:18:00,56.89,56.89,56.81,56.81,5
2022-03-28 14:19:00,56.74,56.8,56.66,56.8,12
2022-03-28 14:20:00,56.75,56.83,56.75,56.83,2
2022-03-28 14:21:00,56.77,56.84,56.75,56.75,3
2022-03-28 14:22:00,56.74,56.74,56.66,56.66,6
2022-03-28 14:23:00,56.81,56.81,56.76,56.76,6
2022-03-28 14:24:00,56.87,56.89,56.87,56.89,2
2022-03-28 14:25:00,56.92,56.93,56.81,56.81,7
2022-03-28 14:26:00,56.92,56.98,56.86,56.98,16
2022-03-28 14:27:00,56.98,56.98,56.82,56.82,12
2022-03-28 14:28:00,56.89,56.9,56.83,56.83,3
2022-03-28 14:29:00,56.95,56.96,56.85,56.85,4
2022-03-28 14:30:00,56.98,56.98,56.85,56.92,3
2022-03-28 14:31:00,56.83,56.83,56.83,56.83,5
2022-03-28 14:32:00,56.83,56.83,56.83,56.83,1
2022-03-28 14:33:00,56.9,56.95,56.87,56.93,6
2022-03-28 14:34:00,56.93,56.93,56.89,56.9,2
2022-03-28 14:35:00,56.92,56.92,56.78,56.86,12
2022-03-28 14:36:00,56.84,56.84,56.83,56.84,1
2022-03-28 14:37:00,56.71,56.75,56.66,56.67,14
2022-03-28 14:38:00,56.71,56.71,56.66,56.66,2
2022-03-28 14:39:00,56.71,56.75,56.67,56.67,5
2022-03-28 14:40:00,56.69,56.7,56.51,56.56,13
2022-03-28 14:41:00,56.56,56.56,56.56,56.56,1
2022-03-28 14:42:00,56.55,56.61,56.55,56.61,3
2022-03-28 14:43:00,56.61,56.61,56.54,56.56,4
2022-03-28 14:44:00,56.68,56.68,56.46,56.47,22
2022-03-28 14:45:00,56.47,56.47,56.47,56.47,0
2022-03-28 14:46:00,56.52,56.52,56.46,56.5,4
2022-03-28 14:47:00,56.47,56.48,56.31,56.37,35
2022-03-28 14:48:00,56.37,56.42,56.32,56.42,4
2022-03-28 14:49:00,56.37,56.38,56.27,56.32,19
2022-03-28 14:50:00,56.25,56.26,56.25,56.25,1
2022-03-28 14:51:00,56.36,56.37,56.34,56.37,4
2022-03-28 14:52:00,56.32,56.44,56.3,56.3,11
2022-03-28 14:53:00,56.33,56.37,56.31,56.32,15
2022-03-28 14:54:00,56.37,56.39,56.37,56.39,2
2022-03-28 14:55:00,56.39,56.46,56.39,56.41,10
2022-03-28 14:56:00,56.45,56.45,56.37,56.38,8
2022-03-28 14:57:00,56.38,56.44,56.37,56.44,5
2022-03-28 14:58:00,56.48,56.49,56.42,56.43,30
2022-03-28 14:59:00,56.41,56.42,56.38,56.38,24
2022-03-28 15:00:00,56.4,56.4,56.39,56.39,2
2022-03-28 15:01:00,56.39,56.4,56.34,56.4,34
2022-03-28 15:02:00,56.39,56.67,56.39,56.49,24
2022-03-28 15:03:00,56.51,56.52,56.51,56.51,4
2022-03-28 15:04:00,56.51,56.51,56.45,56.51,7
2022-03-28 15:05:00,56.46,56.56,56.45,56.54,15
2022-03-28 15:06:00,56.57,56.57,56.54,56.54,7
2022-03-28 15:07:00,56.52,56.55,56.42,56.42,19
2022-03-28 15:08:00,56.42,56.42,56.38,56.41,30
2022-03-28 15:09:00,56.41,56.43,56.38,56.4,30
2022-03-28 15:10:00,56.39,56.41,56.39,56.41,7
2022-03-28 15:11:00,56.44,56.48,56.44,56.48,14
2022-03-28 15:12:00,56.51,56.51,56.47,56.48,3
2022-03-28 15:13:00,56.48,56.48,56.43,56.46,6
2022-03-28 15:14:00,56.47,56.55,56.47,56.53,6
2022-03-28 15:15:00,56.54,56.54,56.5,56.52,10
2022-03-28 15:16:00,56.55,56.56,56.53,56.54,6
2022-03-28 15:17:00,56.54,56.56,56.47,56.5,16
2022-03-28 15:18:00,56.53,56.59,56.52,56.58,15
2022-03-28 15:19:00,56.53,56.54,56.48,56.5,14
2022-03-28 15:20:00,56.5,56.5,56.49,56.5,1
2022-03-28 15:21:00,56.53,56.53,56.51,56.52,2
2022-03-28 15:22:00,56.51,56.54,56.48,56.51,4
2022-03-28 15:23:00,56.51,56.51,56.47,56.47,10
2022-03-28 15:24:00,56.47,56.48,56.43,56.45,15
2022-03-28 15:25:00,56.45,56.47,56.44,56.46,9
2022-03-28 15:26:00,56.48,56.49,56.47,56.47,2
2022-03-28 15:27:00,56.48,56.49,56.43,56.44,14
2022-03-28 15:28:00,56.44,56.48,56.42,56.47,19
2022-03-28 15:29:00,56.43,56.47,56.42,56.42,8
2022-03-28 15:30:00,56.44,56.45,56.43,56.43,6
2022-03-28 15:31:00,56.42,56.45,56.42,56.42,8
2022-03-28 15:32:00,56.45,56.5,56.45,56.5,27
2022-03-28 15:33:00,56.47,56.49,56.46,56.48,9
2022-03-28 15:34:00,56.47,56.48,56.44,56.44,24
2022-03-28 15:35:00,56.42,56.43,56.32,56.32,13
2022-03-28 15:36:00,56.3,56.31,56.28,56.28,19
2022-03-28 15:37:00,56.3,56.33,56.29,56.33,31
2022-03-28 15:38:00,56.34,56.44,56.33,56.42,16
2022-03-28 15:39:00,56.42,56.42,56.38,56.38,11
2022-03-28 15:40:00,56.33,56.33,56.25,56.25,8
2022-03-28 15:41:00,56.28,56.33,56.28,56.33,15
2022-03-28 15:42:00,56.33,56.33,56.31,56.31,14
2022-03-28 15:43:00,56.31,56.46,56.31,56.43,12
2022-03-28 15:44:00,56.43,56.43,56.42,56.43,4
2022-03-28 15:45:00,56.43,56.43,56.39,56.41,17
2022-03-28 15:46:00,56.39,56.42,56.33,56.4,30
2022-03-28 15:47:00,56.45,56.45,56.4,56.42,26
2022-03-28 15:48:00,56.4,56.45,56.39,56.43,19
2022-03-28 15:49:00,56.4,56.56,56.4,56.56,22
2022-03-28 15:50:00,56.46,56.46,56.33,56.36,38
2022-03-28 15:51:00,56.35,56.48,56.33,56.47,29
2022-03-28 15:52:00,56.45,56.51,56.4,56.41,43
2022-03-28 15:53:00,56.39,56.43,56.39,56.4,27
2022-03-28 15:54:00,56.39,56.43,56.32,56.37,33
2022-03-28 15:55:00,56.34,56.4,56.34,56.34,42
2022-03-28 15:56:00,56.36,56.41,56.35,56.41,55
2022-03-28 15:57:00,56.42,56.58,56.41,56.56,53
2022-03-28 15:58:00,56.58,56.65,56.55,56.65,73
2022-03-28 15:59:00,56.65,56.65,56.47,56.58,218
2022-03-29 09:30:00,57.51,58.01,57.51,57.73,50
2022-03-29 09:31:00,58.01,59.29,58.01,59.29,65
2022-03-29 09:32:00,59.15,59.29,59.15,59.29,3
2022-03-29 09:33:00,59.4,59.4,58.94,59.24,20
2022-03-29 09:34:00,59.11,59.44,59.11,59.42,31
2022-03-29 09:35:00,59.5,59.5,58.83,58.83,45
2022-03-29 09:36:00,58.83,58.83,58.49,58.71,25
2022-03-29 09:37:00,59.14,59.15,59.13,59.15,3
2022-03-29 09:38:00,59.15,59.15,59.15,59.15,0
2022-03-29 09:39:00,59.15,59.32,59.15,59.32,12
2022-03-29 09:40:00,59.3,59.3,59.16,59.17,4
2022-03-29 09:41:00,59.32,59.47,59.13,59.13,15
2022-03-29 09:42:00,58.88,58.88,58.84,58.84,5
2022-03-29 09:43:00,58.85,59.19,58.85,59.18,29
2022-03-29 09:44:00,59.12,59.21,59.12,59.2,9
2022-03-29 09:45:00,59.25,59.25,59.05,59.11,22
2022-03-29 09:46:00,59.25,59.57,59.12,59.32,39
2022-03-29 09:47:00,59.5,59.5,59.45,59.45,6
2022-03-29 09:48:00,59.47,59.66,59.46,59.64,131
2022-03-29 09:49:00,59.63,59.95,59.5,59.65,53
2022-03-29 09:50:00,59.83,59.83,59.82,59.83,1
2022-03-29 09:51:00,59.83,59.83,59.74,59.78,47
2022-03-29 09:52:00,59.83,59.83,59.7,59.75,27
2022-03-29 09:53:00,59.62,59.63,59.62,59.62,1
2022-03-29 09:54:00,59.74,59.87,59.73,59.73,5
2022-03-29 09:55:00,59.81,59.81,59.74,59.74,8
2022-03-29 09:56:00,59.74,59.74,59.74,59.74,0
2022-03-29 09:57:00,59.8,59.82,59.75,59.82,23
2022-03-29 09:58:00,59.88,59.88,59.88,59.88,3
2022-03-29 09:59:00,59.77,59.84,59.72,59.8,26
2022-03-29 10:00:00,59.72,59.73,59.63,59.66,8
2022-03-29 10:01:00,59.73,59.89,59.65,59.77,56
2022-03-29 10:02:00,59.75,59.81,59.65,59.8,45
2022-03-29 10:03:00,59.74,59.88,59.74,59.88,42
2022-03-29 10:04:00,59.78,59.78,59.5,59.5,27
2022-03-29 10:05:00,59.48,59.51,59.39,59.51,24
2022-03-29 10:06:00,59.63,59.75,59.48,59.65,17
2022-03-29 10:07:00,59.71,59.81,59.7,59.81,2
2022-03-29 10:08:00,59.59,59.75,59.46,59.75,29
2022-03-29 10:09:00,59.76,59.8,59.66,59.66,38
2022-03-29 10:10:00,59.63,59.75,59.56,59.75,11
2022-03-29 10:11:00,59.83,59.83,59.62,59.62,14
2022-03-29 10:12:00,59.58,59.58,59.4,59.55,43
2022-03-29 10:13:00,59.38,59.54,59.37,59.45,120
2022-03-29 10:14:00,59.44,59.46,59.19,59.19,7
2022-03-29 10:15:00,59.28,59.33,59.24,59.33,10
2022-03-29 10:16:00,59.3,59.4,59.29,59.39,6
2022-03-29 10:17:00,59.32,59.32,59.08,59.09,15
2022-03-29 10:18:00,59.17,59.2,59.17,59.2,2
2022-03-29 10:19:00,59.17,59.2,59.17,59.2,7
2022-03-29 10:20:00,59.2,59.2,59.2,59.2,0
2022-03-29 10:21:00,59.02,59.11,59.02,59.11,2
2022-03-29 10:22:00,59.11,59.11,59.11,59.11,1
2022-03-29 10:23:00,59.02,59.02,58.88,59.02,11
2022-03-29 10:24:00,58.91,58.91,58.9,58.91,1
2022-03-29 10:25:00,58.91,58.91,58.91,58.91,0
2022-03-29 10:26:00,58.98,58.98,58.7,58.72,18
2022-03-29 10:27:00,58.8,58.88,58.64,58.83,16
2022-03-29 10:28:00,58.83,58.83,58.83,58.83,0
2022-03-29 10:29:00,58.9,58.93,58.88,58.88,8
2022-03-29 10:30:00,59.03,59.03,58.77,58.77,7
2022-03-29 10:31:00,58.72,58.72,58.72,58.72,6
2022-03-29 10:32:00,58.8,58.86,58.73,58.73,5
2022-03-29 10:33:00,58.79,58.79,58.72,58.72,16
2022-03-29 10:34:00,58.76,58.86,58.75,58.79,7
2022-03-29 10:35:00,58.92,58.92,58.92,58.92,1
2022-03-29 10:36:00,58.83,58.83,58.79,58.79,5
2022-03-29 10:37:00,58.79,58.79,58.79,58.79,0
2022-03-29 10:38:00,58.78,58.82,58.76,58.82,15
2022-03-29 10:39:00,58.92,59.06,58.92,59.06,6
2022-03-29 10:40:00,59.06,59.06,59.06,59.06,1
2022-03-29 10:41:00,59.06,59.06,59.06,59.06,0
2022-03-29 10:42:00,59.06,59.06,59.06,59.06,0
2022-03-29 10:43:00,59.23,59.24,59.23,59.23,1
2022-03-29 10:44:00,59.24,59.4,59.24,59.4,14
2022-03-29 10:45:00,59.37,59.56,59.37,59.56,15
2022-03-29 10:46:00,59.56,59.56,59.56,59.56,2
2022-03-29 10:47:00,59.47,59.47,59.46,59.46,3
2022-03-29 10:48:00,59.45,59.45,59.44,59.44,2
2022-03-29 10:49:00,59.39,59.39,59.38,59.38,5
2022-03-29 10:50:00,59.41,59.54,59.41,59.54,6
2022-03-29 10:51:00,59.46,59.62,59.46,59.58,11
2022-03-29 10:52:00,59.6,59.6,59.6,59.6,1
2022-03-29 10:53:00,59.58,59.68,59.58,59.65,13
2022-03-29 10:54:00,59.72,59.72,59.55,59.55,5
2022-03-29 10:55:00,59.55,59.55,59.55,59.55,0
2022-03-29 10:56:00,59.55,59.55,59.55,59.55,0
2022-03-29 10:57:00,59.64,59.64,59.47,59.52,9
2022-03-29 10:58:00,59.54,59.54,59.44,59.44,5
2022-03-29 10:59:00,59.44,59.44,59.44,59.44,0
2022-03-29 11:00:00,59.67,59.67,59.67,59.67,3
2022-03-29 11:01:00,59.62,59.64,59.54,59.54,21
2022-03-29 11:02:00,59.52,59.52,59.5,59.5,3
2022-03-29 11:03:00,59.43,59.43,59.4,59.41,4
2022-03-29 11:04:00,59.52,59.54,59.47,59.54,6
2022-03-29 11:05:00,59.45,59.45,59.44,59.44,3
2022-03-29 11:06:00,59.44,59.44,59.44,59.44,0
2022-03-29 11:07:00,59.44,59.44,59.44,59.44,0
2022-03-29 11:08:00,59.36,59.36,59.23,59.23,16
2022-03-29 11:09:00,59.11,59.19,59.1,59.18,14
2022-03-29 11:10:00,59.18,59.26,59.17,59.26,58
2022-03-29 11:11:00,59.26,59.26,59.26,59.26,1
2022-03-29 11:12:00,59.26,59.34,59.24,59.24,6
2022-03-29 11:13:00,59.24,59.24,59.2,59.2,10
2022-03-29 11:14:00,59.2,59.2,59.2,59.2,0
2022-03-29 11:15:00,59.2,59.2,59.2,59.2,0
2022-03-29 11:16:00,59.2,59.2,59.2,59.2,0
2022-03-29 11:17:00,59.2,59.2,59.2,59.2,0
2022-03-29 11:18:00,59.2,59.2,59.2,59.2,0
2022-03-29 11:19:00,59.2,59.2,59.2,59.2,0
2022-03-29 11:20:00,59.39,59.45,59.38,59.45,7
2022-03-29 11:21:00,59.37,59.37,59.32,59.32,6
2022-03-29 11:22:00,59.3,59.3,59.26,59.26,8
2022-03-29 11:23:00,59.31,59.31,59.26,59.26,5
2022-03-29 11:24:00,59.24,59.24,59.17,59.17,3
2022-03-29 11:25:00,59.29,59.3,59.29,59.3,2
2022-03-29 11:26:00,59.4,59.47,59.4,59.47,3
2022-03-29 11:27:00,59.45,59.51,59.45,59.51,2
2022-03-29 11:28:00,59.44,59.44,59.41,59.42,8
2022-03-29 11:29:00,59.42,59.48,59.42,59.48,4
2022-03-29 11:30:00,59.44,59.44,59.43,59.43,2
2022-03-29 11:31:00,59.43,59.43,59.43,59.43,0
2022-03-29 11:32:00,59.52,59.52,59.44,59.47,7
2022-03-29 11:33:00,59.42,59.44,59.41,59.44,3
2022-03-29 11:34:00,59.44,59.47,59.43,59.46,28
2022-03-29 11:35:00,59.51,59.62,59.46,59.56,41
2022-03-29 11:36:00,59.44,59.44,59.44,59.44,1
2022-03-29 11:37:00,59.42,59.42,59.42,59.42,7
2022-03-29 11:38:00,59.38,59.38,59.38,59.38,1
2022-03-29 11:39:00,59.38,59.38,59.38,59.38,1
2022-03-29 11:40:00,59.36,59.38,59.3,59.3,7
2022-03-29 11:41:00,59.31,59.31,59.3,59.3,3
2022-03-29 11:42:00,59.35,59.41,59.35,59.41,3
2022-03-29 11:43:00,59.44,59.55,59.44,59.55,2
2022-03-29 11:44:00,59.55,59.55,59.54,59.55,1
2022-03-29 11:45:00,59.55,59.55,59.55,59.55,1
2022-03-29 11:46:00,59.54,59.55,59.54,59.55,2
2022-03-29 11:47:00,59.55,59.55,59.55,59.55,1
2022-03-29 11:48:00,59.54,59.74,59.54,59.74,13
2022-03-29 11:49:00,59.69,59.75,59.69,59.75,3
2022-03-29 11:50:00,59.7,59.79,59.7,59.7,15
2022-03-29 11:51:00,59.69,59.79,59.68,59.73,16
2022-03-29 11:52:00,59.74,59.8,59.74,59.8,2
2022-03-29 11:53:00,59.85,59.94,59.85,59.94,16
2022-03-29 11:54:00,59.93,59.93,59.89,59.89,5
2022-03-29 11:55:00,59.86,59.86,59.86,59.86,1
2022-03-29 11:56:00,59.86,59.86,59.86,59.86,0
2022-03-29 11:57:00,59.86,59.86,59.86,59.86,0
2022-03-29 11:58:00,59.87,59.93,59.87,59.93,8
2022-03-29 11:59:00,59.84,59.84,59.83,59.83,3
2022-03-29 12:00:00,59.81,59.81,59.71,59.71,10
2022-03-29 12:01:00,59.64,59.67,59.61,59.67,19
2022-03-29 12:02:00,59.62,59.7,59.61,59.7,8
2022-03-29 12:03:00,59.73,59.73,59.68,59.68,6
2022-03-29 12:04:00,59.7,59.7,59.7,59.7,1
2022-03-29 12:05:00,59.76,59.76,59.75,59.76,1
2022-03-29 12:06:00,59.68,59.68,59.68,59.68,1
2022-03-29 12:07:00,59.73,59.81,59.68,59.81,6
2022-03-29 12:08:00,59.83,59.83,59.83,59.83,1
2022-03-29 12:09:00,59.83,59.83,59.83,59.83,0
2022-03-29 12:10:00,59.75,59.75,59.7,59.7,3
2022-03-29 12:11:00,59.73,59.75,59.7,59.75,4
2022-03-29 12:12:00,59.8,59.8,59.8,59.8,2
2022-03-29 12:13:00,59.8,59.8,59.8,59.8,0
2022-03-29 12:14:00,59.73,59.74,59.69,59.71,12
2022-03-29 12:15:00,59.7,59.71,59.67,59.71,5
2022-03-29 12:16:00,59.71,59.71,59.71,59.71,0
2022-03-29 12:17:00,59.76,59.76,59.76,59.76,1
2022-03-29 12:18:00,59.72,59.72,59.6,59.6,26
2022-03-29 12:19:00,59.6,59.6,59.6,59.6,0
2022-03-29 12:20:00,59.56,59.56,59.51,59.52,6
2022-03-29 12:21:00,59.48,59.48,59.42,59.42,3
2022-03-29 12:22:00,59.45,59.46,59.45,59.46,4
2022-03-29 12:23:00,59.46,59.46,59.46,59.46,0
2022-03-29 12:24:00,59.5,59.5,59.48,59.48,4
2022-03-29 12:25:00,59.48,59.48,59.48,59.48,0
2022-03-29 12:26:00,59.48,59.48,59.48,59.48,0
2022-03-29 12:27:00,59.36,59.36,59.33,59.33,3
2022-03-29 12:28:00,59.35,59.35,59.35,59.35,1
2022-03-29 12:29:00,59.28,59.41,59.28,59.41,18
2022-03-29 12:30:00,59.41,59.41,59.41,59.41,0
2022-03-29 12:31:00,59.4,59.4,59.25,59.3,14
2022-03-29 12:32:00,59.3,59.3,59.3,59.3,0
2022-03-29 12:33:00,59.21,59.21,59.21,59.21,3
2022-03-29 12:34:00,59.19,59.26,59.19,59.26,6
2022-03-29 12:35:00,59.31,59.31,59.31,59.31,1
2022-03-29 12:36:00,59.32,59.4,59.32,59.4,2
2022-03-29 12:37:00,59.32,59.37,59.3,59.33,26
2022-03-29 12:38:00,59.31,59.31,59.3,59.3,5
2022-03-29 12:39:00,59.36,59.36,59.33,59.34,4
2022-03-29 12:40:00,59.44,59.44,59.44,59.44,1
2022-03-29 12:41:00,59.47,59.47,59.47,59.47,1
2022-03-29 12:42:00,59.47,59.47,59.47,59.47,1
2022-03-29 12:43:00,59.47,59.47,59.47,59.47,0
2022-03-29 12:44:00,59.47,59.47,59.47,59.47,0
2022-03-29 12:45:00,59.61,59.61,59.61,59.61,1
2022-03-29 12:46:00,59.61,59.61,59.61,59.61,0
2022-03-29 12:47:00,59.61,59.61,59.61,59.61,0
2022-03-29 12:48:00,59.75,59.77,59.75,59.77,2
2022-03-29 12:49:00,59.77,59.77,59.77,59.77,0
2022-03-29 12:50:00,59.66,59.66,59.66,59.66,2
2022-03-29 12:51:00,59.65,59.65,59.64,59.64,5
2022-03-29 12:52:00,59.59,59.59,59.59,59.59,1
2022-03-29 12:53:00,59.56,59.56,59.56,59.56,1
2022-03-29 12:54:00,59.58,59.65,59.58,59.62,11
2022-03-29 12:55:00,59.69,59.69,59.69,59.69,1
2022-03-29 12:56:00,59.75,59.8,59.75,59.8,19
2022-03-29 12:57:00,59.82,59.82,59.82,59.82,1
2022-03-29 12:58:00,59.8,59.84,59.73,59.73,5
2022-03-29 12:59:00,59.73,59.73,59.73,59.73,0
2022-03-29 13:00:00,59.73,59.73,59.73,59.73,0
2022-03-29 13:01:00,59.73,59.73,59.64,59.64,3
2022-03-29 13:02:00,59.64,59.64,59.64,59.64,0
2022-03-29 13:03:00,59.57,59.57,59.57,59.57,1
2022-03-29 13:04:00,59.57,59.62,59.55,59.62,6
2022-03-29 13:05:00,59.63,59.67,59.61,59.63,13
2022-03-29 13:06:00,59.68,59.68,59.68,59.68,2
2022-03-29 13:07:00,59.67,59.67,59.67,59.67,2
2022-03-29 13:08:00,59.67,59.67,59.67,59.67,0
2022-03-29 13:09:00,59.61,59.61,59.59,59.59,3
2022-03-29 13:10:00,59.62,59.64,59.62,59.63,12
2022-03-29 13:11:00,59.58,59.58,59.57,59.57,2
2022-03-29 13:12:00,59.63,59.63,59.63,59.63,1
2022-03-29 13:13:00,59.63,59.63,59.63,59.63,1
2022-03-29 13:14:00,59.62,59.62,59.56,59.56,57
2022-03-29 13:15:00,59.56,59.56,59.56,59.56,0
2022-03-29 13:16:00,59.56,59.56,59.56,59.56,0
2022-03-29 13:17:00,59.56,59.56,59.56,59.56,0
2022-03-29 13:18:00,59.56,59.56,59.56,59.56,0
2022-03-29 13:19:00,59.56,59.56,59.56,59.56,0
2022-03-29 13:20:00,59.65,59.65,59.65,59.65,2
2022-03-29 13:21:00,59.65,59.65,59.65,59.65,0
2022-03-29 13:22:00,59.56,59.57,59.54,59.55,15
2022-03-29 13:23:00,59.53,59.53,59.53,59.53,1
2022-03-29 13:24:00,59.51,59.51,59.5,59.5,4
2022-03-29 13:25:00,59.5,59.5,59.5,59.5,0
2022-03-29 13:26:00,59.5,59.5,59.5,59.5,0
2022-03-29 13:27:00,59.5,59.5,59.5,59.5,0
2022-03-29 13:28:00,59.57,59.64,59.57,59.64,5
2022-03-29 13:29:00,59.61,59.65,59.61,59.63,10
2022-03-29 13:30:00,59.63,59.63,59.62,59.63,1
2022-03-29 13:31:00,59.56,59.56,59.55,59.56,4
2022-03-29 13:32:00,59.53,59.53,59.53,59.53,1
2022-03-29 13:33:00,59.57,59.57,59.56,59.57,2
2022-03-29 13:34:00,59.57,59.57,59.57,59.57,0
2022-03-29 13:35:00,59.57,59.57,59.56,59.57,2
2022-03-29 13:36:00,59.51,59.56,59.51,59.56,2
2022-03-29 13:37:00,59.5,59.56,59.49,59.56,20
2022-03-29 13:38:00,59.62,59.71,59.62,59.71,12
2022-03-29 13:39:00,59.71,59.72,59.7,59.72,2
2022-03-29 13:40:00,59.75,59.82,59.73,59.82,7
2022-03-29 13:41:00,59.76,59.82,59.76,59.82,11
2022-03-29 13:42:00,59.71,59.71,59.71,59.71,1
2022-03-29 13:43:00,59.71,59.71,59.71,59.71,0
2022-03-29 13:44:00,59.9,59.95,59.9,59.91,6
2022-03-29 13:45:00,59.91,59.91,59.91,59.91,1
2022-03-29 13:46:00,59.92,59.98,59.92,59.98,10
2022-03-29 13:47:00,59.96,59.96,59.92,59.92,12
2022-03-29 13:48:00,59.92,59.92,59.92,59.92,1
2022-03-29 13:49:00,59.96,60.01,59.96,60.01,14
2022-03-29 13:50:00,60.11,60.21,60.06,60.16,19
2022-03-29 13:51:00,60.23,60.23,60.23,60.23,1
2022-03-29 13:52:00,60.23,60.23,60.23,60.23,0
2022-03-29 13:53:00,60.25,60.25,60.25,60.25,1
2022-03-29 13:54:00,60.28,60.28,60.18,60.23,6
2022-03-29 13:55:00,60.15,60.15,60.15,60.15,1
2022-03-29 13:56:00,60.12,60.12,60.12,60.12,1
2022-03-29 13:57:00,60.09,60.09,60.07,60.09,3
2022-03-29 13:58:00,60.09,60.09,60.09,60.09,0
2022-03-29 13:59:00,60.1,60.1,60.1,60.1,1
2022-03-29 14:00:00,60.1,60.1,60.1,60.1,0
2022-03-29 14:01:00,60.1,60.1,60.1,60.1,0
2022-03-29 14:02:00,60.1,60.1,60.1,60.1,0
2022-03-29 14:03:00,60.1,60.1,60.1,60.1,0
2022-03-29 14:04:00,60.1,60.1,60.1,60.1,0
2022-03-29 14:05:00,60.1,60.1,60.1,60.1,0
2022-03-29 14:06:00,60.1,60.1,60.1,60.1,0
2022-03-29 14:07:00,60.1,60.11,60.1,60.11,8
2022-03-29 14:08:00,60.11,60.11,60.11,60.11,0
2022-03-29 14:09:00,60.11,60.11,60.11,60.11,0
2022-03-29 14:10:00,60.11,60.11,60.11,60.11,0
2022-03-29 14:11:00,60.1,60.1,60.1,60.1,2
2022-03-29 14:12:00,60.15,60.19,60.15,60.19,11
2022-03-29 14:13:00,60.19,60.19,60.19,60.19,0
2022-03-29 14:14:00,60.19,60.19,60.19,60.19,0
2022-03-29 14:15:00,60.19,60.19,60.19,60.19,0
2022-03-29 14:16:00,60.19,60.19,60.19,60.19,0
2022-03-29 14:17:00,60.19,60.19,60.15,60.18,6
2022-03-29 14:18:00,60.18,60.18,60.18,60.18,0
2022-03-29 14:19:00,60.18,60.18,60.18,60.18,0
2022-03-29 14:20:00,60.2,60.2,60.2,60.2,2
2022-03-29 14:21:00,60.15,60.16,60.14,60.16,5
2022-03-29 14:22:00,60.19,60.41,60.19,60.41,26
2022-03-29 14:23:00,60.51,60.51,60.51,60.51,1
2022-03-29 14:24:00,60.46,60.52,60.46,60.52,3
2022-03-29 14:25:00,60.58,60.58,60.55,60.55,2
2022-03-29 14:26:00,60.55,60.55,60.55,60.55,0
2022-03-29 14:27:00,60.66,60.66,60.66,60.66,1
2022-03-29 14:28:00,60.67,60.67,60.62,60.62,6
2022-03-29 14:29:00,60.62,60.62,60.62,60.62,0
2022-03-29 14:30:00,60.62,60.62,60.54,60.54,4
2022-03-29 14:31:00,60.54,60.54,60.54,60.54,0
2022-03-29 14:32:00,60.54,60.6,60.54,60.6,13
2022-03-29 14:33:00,60.6,60.6,60.6,60.6,0
2022-03-29 14:34:00,60.57,60.59,60.55,60.59,8
2022-03-29 14:35:00,60.55,60.55,60.45,60.47,14
2022-03-29 14:36:00,60.49,60.49,60.49,60.49,1
2022-03-29 14:37:00,60.49,60.53,60.49,60.53,4
2022-03-29 14:38:00,60.53,60.53,60.53,60.53,0
2022-03-29 14:39:00,60.53,60.53,60.53,60.53,0
2022-03-29 14:40:00,60.44,60.44,60.44,60.44,1
2022-03-29 14:41:00,60.41,60.41,60.37,60.37,3
2022-03-29 14:42:00,60.37,60.37,60.37,60.37,0
2022-03-29 14:43:00,60.23,60.23,60.23,60.23,1
2022-03-29 14:44:00,60.23,60.23,60.23,60.23,0
2022-03-29 14:45:00,60.28,60.28,60.17,60.17,5
2022-03-29 14:46:00,60.12,60.12,60.12,60.12,1
2022-03-29 14:47:00,60.17,60.17,60.13,60.16,4
2022-03-29 14:48:00,60.16,60.16,60.16,60.16,0
2022-03-29 14:49:00,60.14,60.15,60.13,60.15,4
2022-03-29 14:50:00,60.13,60.13,60.13,60.13,1
2022-03-29 14:51:00,60.18,60.23,60.15,60.19,8
2022-03-29 14:52:00,60.19,60.19,60.19,60.19,0
2022-03-29 14:53:00,60.2,60.2,60.2,60.2,2
2022-03-29 14:54:00,60.23,60.23,60.22,60.23,1
2022-03-29 14:55:00,60.13,60.13,60.13,60.13,1
2022-03-29 14:56:00,60.17,60.17,60.17,60.17,1
2022-03-29 14:57:00,60.18,60.18,60.12,60.12,6
2022-03-29 14:58:00,60.12,60.12,60.12,60.12,0
2022-03-29 14:59:00,60.11,60.11,60.11,60.11,1
2022-03-29 15:00:00,60.11,60.13,60.08,60.09,3
2022-03-29 15:01:00,60.09,60.09,60.09,60.09,0
2022-03-29 15:02:00,60.05,60.05,60.05,60.05,1
2022-03-29 15:03:00,60.04,60.13,60.04,60.08,7
2022-03-29 15:04:00,60.05,60.09,60.05,60.09,2
2022-03-29 15:05:00,60.09,60.09,60.09,60.09,0
2022-03-29 15:06:00,60.13,60.15,60.11,60.11,6
2022-03-29 15:07:00,60.11,60.11,60.11,60.11,0
2022-03-29 15:08:00,60.13,60.18,60.13,60.18,8
2022-03-29 15:09:00,60.18,60.18,60.18,60.18,0
2022-03-29 15:10:00,60.21,60.21,60.21,60.21,1
2022-03-29 15:11:00,60.2,60.2,60.19,60.2,2
2022-03-29 15:12:00,60.13,60.13,60.11,60.11,4
2022-03-29 15:13:00,60.08,60.11,60.08,60.11,2
2022-03-29 15:14:00,60.12,60.12,60.04,60.04,5
2022-03-29 15:15:00,59.99,59.99,59.98,59.98,6
2022-03-29 15:16:00,59.97,60.23,59.94,60.23,108
2022-03-29 15:17:00,60.32,60.38,60.32,60.38,7
2022-03-29 15:18:00,60.39,60.41,60.36,60.41,5
2022-03-29 15:19:00,60.44,60.5,60.41,60.41,18
2022-03-29 15:20:00,60.46,60.46,60.41,60.46,7
2022-03-29 15:21:00,60.46,60.46,60.46,60.46,1
2022-03-29 15:22:00,60.41,60.42,60.37,60.42,13
2022-03-29 15:23:00,60.35,60.35,60.34,60.34,11
2022-03-29 15:24:00,60.34,60.39,60.33,60.39,2
2022-03-29 15:25:00,60.33,60.33,60.32,60.33,1
2022-03-29 15:26:00,60.32,60.36,60.32,60.36,4
2022-03-29 15:27:00,60.34,60.35,60.34,60.35,6
2022-03-29 15:28:00,60.39,60.4,60.39,60.4,3
2022-03-29 15:29:00,60.41,60.41,60.41,60.41,2
2022-03-29 15:30:00,60.43,60.43,60.41,60.41,2
2022-03-29 15:31:00,60.42,60.59,60.42,60.59,6
2022-03-29 15:32:00,60.57,60.58,60.56,60.58,5
2022-03-29 15:33:00,60.52,60.53,60.5,60.5,10
2022-03-29 15:34:00,60.5,60.5,60.5,60.5,0
2022-03-29 15:35:00,60.53,60.53,60.5,60.5,6
2022-03-29 15:36:00,60.53,60.57,60.53,60.57,6
2022-03-29 15:37:00,60.61,60.64,60.57,60.57,17
2022-03-29 15:38:00,60.55,60.55,60.47,60.47,13
2022-03-29 15:39:00,60.47,60.47,60.47,60.47,0
2022-03-29 15:40:00,60.4,60.4,60.33,60.33,5
2022-03-29 15:41:00,60.32,60.35,60.32,60.32,13
2022-03-29 15:42:00,60.32,60.32,60.32,60.32,0
2022-03-29 15:43:00,60.27,60.31,60.26,60.31,3
2022-03-29 15:44:00,60.29,60.29,60.15,60.16,32
2022-03-29 15:45:00,60.18,60.22,60.17,60.21,6
2022-03-29 15:46:00,60.26,60.26,60.25,60.25,4
2022-03-29 15:47:00,60.24,60.24,60.24,60.24,3
2022-03-29 15:48:00,60.3,60.3,60.24,60.24,12
2022-03-29 15:49:00,60.32,60.32,60.18,60.19,9
2022-03-29 15:50:00,60.16,60.16,60.11,60.11,4
2022-03-29 15:51:00,60.2,60.2,60.08,60.1,11
2022-03-29 15:52:00,60.06,60.22,60.06,60.22,12
2022-03-29 15:53:00,60.23,60.31,60.21,60.31,20
2022-03-29 15:54:00,60.27,60.28,60.22,60.25,49
2022-03-29 15:55:00,60.24,60.24,60.13,60.14,72
2022-03-29 15:56:00,60.13,60.13,60.06,60.11,47
2022-03-29 15:57:00,60.11,60.11,60.03,60.09,40
2022-03-29 15:58:00,60.09,60.09,60.0,60.0,84
2022-03-29 15:59:00,59.99,60.06,59.93,60.03,113
2022-03-30 09:30:00,59.68,59.68,59.3,59.3,22
2022-03-30 09:31:00,59.57,59.57,59.1,59.17,9
2022-03-30 09:32:00,59.0,59.24,59.0,59.24,4
2022-03-30 09:33:00,59.24,59.28,59.24,59.28,2
2022-03-30 09:34:00,59.26,59.26,59.26,59.26,1
2022-03-30 09:35:00,59.3,59.47,59.3,59.47,5
2022-03-30 09:36:00,59.47,59.47,59.47,59.47,0
2022-03-30 09:37:00,59.36,59.7,59.35,59.7,21
2022-03-30 09:38:00,59.3,59.7,59.3,59.7,6
2022-03-30 09:39:00,59.7,59.7,59.7,59.7,0
2022-03-30 09:40:00,59.33,59.34,59.33,59.33,20
2022-03-30 09:41:00,59.38,59.38,59.37,59.38,2
2022-03-30 09:42:00,59.14,59.16,59.13,59.13,12
2022-03-30 09:43:00,59.13,59.13,59.13,59.13,1
2022-03-30 09:44:00,59.26,59.31,59.25,59.25,12
2022-03-30 09:45:00,59.15,59.23,59.15,59.23,13
2022-03-30 09:46:00,59.13,59.17,59.09,59.09,4
2022-03-30 09:47:00,59.02,59.02,59.01,59.02,1
2022-03-30 09:48:00,59.23,59.35,59.21,59.35,3
2022-03-30 09:49:00,59.36,59.39,59.25,59.38,9
2022-03-30 09:50:00,59.43,59.43,59.43,59.43,2
2022-03-30 09:51:00,59.52,59.53,59.44,59.44,3
2022-03-30 09:52:00,59.54,59.65,59.54,59.54,4
2022-03-30 09:53:00,59.57,59.65,59.57,59.65,6
2022-03-30 09:54:00,59.31,59.44,59.31,59.43,10
2022-03-30 09:55:00,59.49,59.49,59.49,59.49,2
2022-03-30 09:56:00,59.49,59.49,59.49,59.49,0
2022-03-30 09:57:00,59.51,59.51,59.51,59.51,2
2022-03-30 09:58:00,59.51,59.51,59.51,59.51,0
2022-03-30 09:59:00,59.51,59.51,59.44,59.5,6
2022-03-30 10:00:00,59.43,59.5,59.43,59.44,5
2022-03-30 10:01:00,59.5,59.5,59.47,59.48,2
2022-03-30 10:02:00,59.48,59.48,59.48,59.48,0
2022-03-30 10:03:00,59.48,59.48,59.48,59.48,0
2022-03-30 10:04:00,59.21,59.3,59.15,59.3,8
2022-03-30 10:05:00,59.3,59.3,59.3,59.3,0
2022-03-30 10:06:00,59.23,59.24,59.23,59.23,1
2022-03-30 10:07:00,59.24,59.24,59.24,59.24,1
2022-03-30 10:08:00,59.15,59.15,59.14,59.15,3
2022-03-30 10:09:00,59.15,59.15,59.15,59.15,0
2022-03-30 10:10:00,59.25,59.39,59.25,59.39,13
2022-03-30 10:11:00,59.3,59.3,59.3,59.3,1
2022-03-30 10:12:00,59.3,59.3,59.3,59.3,0
2022-03-30 10:13:00,59.19,59.19,59.14,59.15,2
2022-03-30 10:14:00,59.2,59.24,59.2,59.24,2
2022-03-30 10:15:00,59.24,59.24,59.24,59.24,0
2022-03-30 10:16:00,59.24,59.24,59.24,59.24,0
2022-03-30 10:17:00,59.24,59.24,59.24,59.24,0
2022-03-30 10:18:00,59.18,59.27,59.18,59.18,7
2022-03-30 10:19:00,59.09,59.31,59.08,59.15,43
2022-03-30 10:20:00,59.15,59.15,59.15,59.15,0
2022-03-30 10:21:00,59.15,59.15,59.15,59.15,0
2022-03-30 10:22:00,59.23,59.23,59.23,59.23,2
2022-03-30 10:23:00,59.23,59.23,59.23,59.23,0
2022-03-30 10:24:00,59.23,59.23,59.16,59.18,15
2022-03-30 10:25:00,59.18,59.18,59.18,59.18,0
2022-03-30 10:26:00,59.23,59.23,59.23,59.23,1
2022-03-30 10:27:00,59.23,59.23,59.23,59.23,0
2022-03-30 10:28:00,59.16,59.16,59.16,59.16,4
2022-03-30 10:29:00,59.16,59.16,59.16,59.16,0
2022-03-30 10:30:00,59.25,59.26,59.25,59.26,5
2022-03-30 10:31:00,59.32,59.36,59.32,59.35,3
2022-03-30 10:32:00,59.25,59.25,59.19,59.24,5
2022-03-30 10:33:00,59.18,59.18,59.17,59.18,1
2022-03-30 10:34:00,59.27,59.28,59.27,59.28,4
2022-03-30 10:35:00,59.27,59.27,59.17,59.17,2
2022-03-30 10:36:00,59.17,59.17,59.17,59.17,0
2022-03-30 10:37:00,59.22,59.22,59.22,59.22,2
2022-03-30 10:38:00,59.15,59.2,59.12,59.12,8
2022-03-30 10:39:00,59.23,59.24,59.23,59.24,4
2022-03-30 10:40:00,59.22,59.26,59.21,59.26,2
2022-03-30 10:41:00,59.26,59.26,59.26,59.26,0
2022-03-30 10:42:00,59.26,59.26,59.26,59.26,0
2022-03-30 10:43:00,59.16,59.16,59.16,59.16,1
2022-03-30 10:44:00,59.16,59.16,59.16,59.16,0
2022-03-30 10:45:00,59.18,59.18,59.17,59.18,1
2022-03-30 10:46:00,59.22,59.22,59.22,59.22,1
2022-03-30 10:47:00,59.23,59.23,59.23,59.23,2
2022-03-30 10:48:00,59.28,59.34,59.27,59.28,21
2022-03-30 10:49:00,59.28,59.28,59.28,59.28,0
2022-03-30 10:50:00,59.28,59.28,59.28,59.28,0
2022-03-30 10:51:00,59.28,59.32,59.28,59.29,5
2022-03-30 10:52:00,59.29,59.29,59.29,59.29,2
2022-03-30 10:53:00,59.27,59.33,59.18,59.18,7
2022-03-30 10:54:00,59.17,59.17,59.11,59.14,7
2022-03-30 10:55:00,59.14,59.14,59.14,59.14,0
2022-03-30 10:56:00,59.15,59.15,59.15,59.15,1
2022-03-30 10:57:00,59.06,59.06,59.05,59.05,24
2022-03-30 10:58:00,59.03,59.1,58.83,58.9,125
2022-03-30 10:59:00,58.91,58.91,58.79,58.79,5
2022-03-30 11:00:00,58.79,58.79,58.79,58.79,0
2022-03-30 11:01:00,58.93,58.99,58.93,58.98,4
2022-03-30 11:02:00,58.99,59.07,58.99,59.06,4
2022-03-30 11:03:00,58.96,58.98,58.96,58.98,3
2022-03-30 11:04:00,58.98,58.98,58.98,58.98,0
2022-03-30 11:05:00,59.01,59.01,58.99,59.0,3
2022-03-30 11:06:00,59.0,59.0,59.0,59.0,0
2022-03-30 11:07:00,58.96,58.96,58.95,58.96,1
2022-03-30 11:08:00,58.82,58.82,58.81,58.82,5
2022-03-30 11:09:00,58.8,58.8,58.79,58.79,3
2022-03-30 11:10:00,58.73,58.8,58.72,58.78,30
2022-03-30 11:11:00,58.76,58.79,58.75,58.79,10
2022-03-30 11:12:00,58.71,58.71,58.71,58.71,2
2022-03-30 11:13:00,58.72,58.72,58.71,58.72,1
2022-03-30 11:14:00,58.79,58.79,58.76,58.78,11
2022-03-30 11:15:00,58.72,58.72,58.71,58.72,1
2022-03-30 11:16:00,58.8,58.8,58.8,58.8,1
2022-03-30 11:17:00,58.77,58.85,58.69,58.8,14
2022-03-30 11:18:00,58.78,58.78,58.71,58.75,5
2022-03-30 11:19:00,58.75,58.75,58.75,58.75,0
2022-03-30 11:20:00,58.76,58.76,58.71,58.73,4
2022-03-30 11:21:00,58.68,58.73,58.65,58.67,12
2022-03-30 11:22:00,58.61,58.62,58.61,58.61,1
2022-03-30 11:23:00,58.67,58.68,58.67,58.68,8
2022-03-30 11:24:00,58.68,58.68,58.68,58.68,0
2022-03-30 11:25:00,58.67,58.68,58.54,58.54,15
2022-03-30 11:26:00,58.54,58.54,58.54,58.54,0
2022-03-30 11:27:00,58.58,58.62,58.55,58.62,9
2022-03-30 11:28:00,58.6,58.6,58.59,58.6,1
2022-03-30 11:29:00,58.58,58.58,58.57,58.58,1
2022-03-30 11:30:00,58.65,58.75,58.59,58.59,9
2022-03-30 11:31:00,58.66,58.66,58.66,58.66,1
2022-03-30 11:32:00,58.6,58.6,58.59,58.59,2
2022-03-30 11:33:00,58.59,58.59,58.59,58.59,0
2022-03-30 11:34:00,58.6,58.6,58.59,58.6,2
2022-03-30 11:35:00,58.63,58.7,58.63,58.7,2
2022-03-30 11:36:00,58.73,58.73,58.69,58.7,3
2022-03-30 11:37:00,58.75,58.75,58.7,58.7,2
2022-03-30 11:38:00,58.68,58.68,58.68,58.68,2
2022-03-30 11:39:00,58.68,58.68,58.68,58.68,0
2022-03-30 11:40:00,58.74,58.74,58.74,58.74,1
2022-03-30 11:41:00,58.87,58.94,58.87,58.94,3
2022-03-30 11:42:00,58.88,58.88,58.87,58.87,2
2022-03-30 11:43:00,58.87,58.87,58.87,58.87,0
2022-03-30 11:44:00,58.77,58.77,58.76,58.77,1
2022-03-30 11:45:00,58.69,58.75,58.69,58.75,4
2022-03-30 11:46:00,58.75,58.75,58.75,58.75,0
2022-03-30 11:47:00,58.62,58.62,58.62,58.62,3
2022-03-30 11:48:00,58.69,58.69,58.69,58.69,1
2022-03-30 11:49:00,58.69,58.69,58.69,58.69,0
2022-03-30 11:50:00,58.69,58.69,58.69,58.69,0
2022-03-30 11:51:00,58.63,58.63,58.62,58.63,3
2022-03-30 11:52:00,58.62,58.62,58.61,58.62,1
2022-03-30 11:53:00,58.57,58.61,58.57,58.6,14
2022-03-30 11:54:00,58.55,58.55,58.53,58.53,3
2022-03-30 11:55:00,58.53,58.53,58.53,58.53,1
2022-03-30 11:56:00,58.47,58.58,58.47,58.55,10
2022-03-30 11:57:00,58.55,58.55,58.55,58.55,1
2022-03-30 11:58:00,58.54,58.54,58.53,58.54,1
2022-03-30 11:59:00,58.48,58.49,58.48,58.48,1
2022-03-30 12:00:00,58.48,58.48,58.35,58.46,39
2022-03-30 12:01:00,58.41,58.44,58.41,58.43,3
2022-03-30 12:02:00,58.46,58.46,58.45,58.46,7
2022-03-30 12:03:00,58.51,58.53,58.5,58.53,10
2022-03-30 12:04:00,58.53,58.53,58.53,58.53,0
2022-03-30 12:05:00,58.42,58.42,58.41,58.42,2
2022-03-30 12:06:00,58.31,58.37,58.31,58.37,2
2022-03-30 12:07:00,58.37,58.37,58.21,58.23,8
2022-03-30 12:08:00,58.21,58.31,58.2,58.31,5
2022-03-30 12:09:00,58.39,58.39,58.39,58.39,1
2022-03-30 12:10:00,58.39,58.39,58.39,58.39,0
2022-03-30 12:11:00,58.34,58.35,58.34,58.34,1
2022-03-30 12:12:00,58.34,58.34,58.34,58.34,0
2022-03-30 12:13:00,58.34,58.34,58.34,58.34,0
2022-03-30 12:14:00,58.18,58.18,58.18,58.18,2
2022-03-30 12:15:00,58.18,58.18,58.18,58.18,1
2022-03-30 12:16:00,58.18,58.18,58.18,58.18,1
2022-03-30 12:17:00,58.18,58.19,58.18,58.18,3
2022-03-30 12:18:00,58.18,58.18,58.18,58.18,0
2022-03-30 12:19:00,58.23,58.27,58.21,58.27,3
2022-03-30 12:20:00,58.34,58.34,58.34,58.34,3
2022-03-30 12:21:00,58.27,58.27,58.26,58.27,1
2022-03-30 12:22:00,58.27,58.27,58.27,58.27,0
2022-03-30 12:23:00,58.27,58.27,58.27,58.27,0
2022-03-30 12:24:00,58.27,58.27,58.27,58.27,0
2022-03-30 12:25:00,58.28,58.34,58.27,58.34,3
2022-03-30 12:26:00,58.23,58.23,58.2,58.2,3
2022-03-30 12:27:00,58.19,58.22,58.15,58.15,9
2022-03-30 12:28:00,58.23,58.23,58.23,58.23,1
2022-03-30 12:29:00,58.25,58.25,58.2,58.21,4
2022-03-30 12:30:00,58.21,58.21,58.21,58.21,0
2022-03-30 12:31:00,58.18,58.32,58.18,58.31,12
2022-03-30 12:32:00,58.28,58.31,58.28,58.3,3
2022-03-30 12:33:00,58.3,58.3,58.3,58.3,0
2022-03-30 12:34:00,58.35,58.38,58.34,58.38,3
2022-03-30 12:35:00,58.48,58.48,58.48,58.48,1
2022-03-30 12:36:00,58.52,58.52,58.52,58.52,1
2022-03-30 12:37:00,58.47,58.63,58.47,58.63,2
2022-03-30 12:38:00,58.63,58.63,58.63,58.63,0
2022-03-30 12:39:00,58.54,58.54,58.53,58.54,1
2022-03-30 12:40:00,58.58,58.68,58.58,58.68,10
2022-03-30 12:41:00,58.68,58.68,58.68,58.68,0
2022-03-30 12:42:00,58.6,58.6,58.59,58.6,1
2022-03-30 12:43:00,58.65,58.65,58.63,58.63,5
2022-03-30 12:44:00,58.62,58.62,58.61,58.62,2
2022-03-30 12:45:00,58.62,58.62,58.54,58.6,7
2022-03-30 12:46:00,58.6,58.6,58.6,58.6,0
2022-03-30 12:47:00,58.6,58.6,58.6,58.6,0
2022-03-30 12:48:00,58.53,58.53,58.52,58.53,2
2022-03-30 12:49:00,58.54,58.54,58.53,58.54,1
2022-03-30 12:50:00,58.54,58.54,58.54,58.54,0
2022-03-30 12:51:00,58.57,58.57,58.56,58.57,1
2022-03-30 12:52:00,58.53,58.58,58.51,58.52,3
2022-03-30 12:53:00,58.52,58.52,58.52,58.52,0
2022-03-30 12:54:00,58.59,58.59,58.59,58.59,1
2022-03-30 12:55:00,58.64,58.76,58.64,58.76,12
2022-03-30 12:56:00,58.76,58.76,58.76,58.76,0
2022-03-30 12:57:00,58.75,58.75,58.75,58.75,1
2022-03-30 12:58:00,58.65,58.65,58.65,58.65,1
2022-03-30 12:59:00,58.65,58.65,58.65,58.65,0
2022-03-30 13:00:00,58.64,58.65,58.57,58.65,5
2022-03-30 13:01:00,58.57,58.57,58.56,58.57,1
2022-03-30 13:02:00,58.57,58.57,58.57,58.57,0
2022-03-30 13:03:00,58.57,58.57,58.57,58.57,0
2022-03-30 13:04:00,58.51,58.51,58.47,58.47,2
2022-03-30 13:05:00,58.51,58.51,58.48,58.48,2
2022-03-30 13:06:00,58.48,58.48,58.48,58.48,0
2022-03-30 13:07:00,58.48,58.48,58.48,58.48,0
2022-03-30 13:08:00,58.36,58.42,58.36,58.36,5
2022-03-30 13:09:00,58.38,58.38,58.34,58.38,4
2022-03-30 13:10:00,58.38,58.38,58.38,58.38,0
2022-03-30 13:11:00,58.38,58.38,58.38,58.38,0
2022-03-30 13:12:00,58.38,58.38,58.38,58.38,0
2022-03-30 13:13:00,58.38,58.38,58.38,58.38,0
2022-03-30 13:14:00,58.36,58.36,58.36,58.36,1
2022-03-30 13:15:00,58.36,58.36,58.36,58.36,0
2022-03-30 13:16:00,58.3,58.3,58.3,58.3,1
2022-03-30 13:17:00,58.3,58.3,58.3,58.3,0
2022-03-30 13:18:00,58.3,58.3,58.3,58.3,0
2022-03-30 13:19:00,58.17,58.2,58.16,58.2,3
2022-03-30 13:20:00,58.2,58.2,58.14,58.14,5
2022-03-30 13:21:00,58.15,58.24,58.15,58.2,25
2022-03-30 13:22:00,58.22,58.22,58.17,58.22,15
2022-03-30 13:23:00,58.13,58.13,58.13,58.13,1
2022-03-30 13:24:00,58.13,58.13,58.13,58.13,0
2022-03-30 13:25:00,58.15,58.18,58.15,58.18,3
2022-03-30 13:26:00,58.06,58.13,58.01,58.13,16
2022-03-30 13:27:00,58.13,58.13,58.13,58.13,0
2022-03-30 13:28:00,58.1,58.1,58.0,58.03,11
2022-03-30 13:29:00,58.03,58.03,57.99,57.99,11
2022-03-30 13:30:00,58.09,58.1,58.01,58.02,8
2022-03-30 13:31:00,57.94,57.94,57.93,57.94,1
2022-03-30 13:32:00,58.03,58.03,57.99,58.0,6
2022-03-30 13:33:00,58.0,58.0,58.0,58.0,0
2022-03-30 13:34:00,57.95,58.06,57.95,58.06,3
2022-03-30 13:35:00,57.97,57.97,57.97,57.97,1
2022-03-30 13:36:00,57.93,57.96,57.91,57.95,6
2022-03-30 13:37:00,57.84,57.84,57.66,57.72,26
2022-03-30 13:38:00,57.65,57.71,57.57,57.59,6
2022-03-30 13:39:00,57.65,57.65,57.63,57.63,8
2022-03-30 13:40:00,57.63,57.63,57.63,57.63,2
2022-03-30 13:41:00,57.55,57.55,57.53,57.53,7
2022-03-30 13:42:00,57.53,57.53,57.53,57.53,0
2022-03-30 13:43:00,57.53,57.53,57.53,57.53,0
2022-03-30 13:44:00,57.62,57.64,57.61,57.61,5
2022-03-30 13:45:00,57.61,57.61,57.61,57.61,0
2022-03-30 13:46:00,57.61,57.61,57.61,57.61,0
2022-03-30 13:47:00,57.61,57.61,57.61,57.61,0
2022-03-30 13:48:00,57.64,57.64,57.57,57.57,3
2022-03-30 13:49:00,57.67,57.71,57.67,57.71,2
2022-03-30 13:50:00,57.71,57.71,57.71,57.71,0
2022-03-30 13:51:00,57.69,57.82,57.69,57.82,35
2022-03-30 13:52:00,57.82,57.98,57.82,57.9,13
2022-03-30 13:53:00,57.9,57.9,57.9,57.9,0
2022-03-30 13:54:00,57.9,57.9,57.9,57.9,0
2022-03-30 13:55:00,57.9,57.9,57.89,57.89,5
2022-03-30 13:56:00,57.89,57.89,57.89,57.89,0
2022-03-30 13:57:00,57.81,57.81,57.8,57.81,1
2022-03-30 13:58:00,57.79,57.79,57.69,57.69,2
2022-03-30 13:59:00,57.67,57.69,57.67,57.69,3
2022-03-30 14:00:00,57.6,57.6,57.6,57.6,1
2022-03-30 14:01:00,57.68,57.68,57.67,57.68,1
2022-03-30 14:02:00,57.68,57.68,57.68,57.68,0
2022-03-30 14:03:00,57.71,57.73,57.71,57.73,2
2022-03-30 14:04:00,57.66,57.69,57.66,57.69,3
2022-03-30 14:05:00,57.63,57.63,57.61,57.61,3
2022-03-30 14:06:00,57.55,57.55,57.55,57.55,3
2022-03-30 14:07:00,57.55,57.55,57.55,57.55,0
2022-03-30 14:08:00,57.61,57.61,57.61,57.61,1
2022-03-30 14:09:00,57.71,57.71,57.71,57.71,2
2022-03-30 14:10:00,57.71,57.71,57.71,57.71,0
2022-03-30 14:11:00,57.71,57.71,57.71,57.71,0
2022-03-30 14:12:00,57.6,57.6,57.54,57.54,10
2022-03-30 14:13:00,57.6,57.6,57.6,57.6,3
2022-03-30 14:14:00,57.6,57.6,57.59,57.6,2
2022-03-30 14:15:00,57.56,57.56,57.56,57.56,1
2022-03-30 14:16:00,57.53,57.53,57.53,57.53,2
2022-03-30 14:17:00,57.5,57.5,57.37,57.38,7
2022-03-30 14:18:00,57.38,57.38,57.38,57.38,0
2022-03-30 14:19:00,57.42,57.45,57.41,57.45,3
2022-03-30 14:20:00,57.37,57.37,57.36,57.37,4
2022-03-30 14:21:00,57.37,57.37,57.37,57.37,0
2022-03-30 14:22:00,57.3,57.31,57.29,57.31,12
2022-03-30 14:23:00,57.24,57.24,57.24,57.24,1
2022-03-30 14:24:00,57.26,57.3,57.26,57.3,2
2022-03-30 14:25:00,57.3,57.3,57.3,57.3,0
2022-03-30 14:26:00,57.28,57.28,57.24,57.24,3
2022-03-30 14:27:00,57.24,57.24,57.24,57.24,0
2022-03-30 14:28:00,57.24,57.25,57.24,57.25,9
2022-03-30 14:29:00,57.28,57.28,57.27,57.28,1
2022-03-30 14:30:00,57.3,57.3,57.3,57.3,1
2022-03-30 14:31:00,57.23,57.23,57.21,57.21,5
2022-03-30 14:32:00,57.21,57.21,57.21,57.21,0
2022-03-30 14:33:00,57.3,57.3,57.26,57.26,2
2022-03-30 14:34:00,57.26,57.3,57.24,57.3,5
2022-03-30 14:35:00,57.3,57.3,57.3,57.3,0
2022-03-30 14:36:00,57.3,57.3,57.3,57.3,0
2022-03-30 14:37:00,57.25,57.25,57.25,57.25,1
2022-03-30 14:38:00,57.34,57.34,57.31,57.31,10
2022-03-30 14:39:00,57.32,57.32,57.32,57.32,1
2022-03-30 14:40:00,57.26,57.28,57.25,57.28,5
2022-03-30 14:41:00,57.25,57.25,57.24,57.25,2
2022-03-30 14:42:00,57.22,57.22,57.22,57.22,3
2022-03-30 14:43:00,57.25,57.25,57.23,57.25,7
2022-03-30 14:44:00,57.21,57.21,57.15,57.15,3
2022-03-30 14:45:00,57.15,57.15,57.14,57.14,2
2022-03-30 14:46:00,57.14,57.14,57.14,57.14,0
2022-03-30 14:47:00,57.08,57.08,57.08,57.08,1
2022-03-30 14:48:00,57.03,57.07,57.03,57.06,4
2022-03-30 14:49:00,57.07,57.07,57.05,57.05,3
2022-03-30 14:50:00,57.03,57.03,57.0,57.0,2
2022-03-30 14:51:00,57.0,57.0,56.95,56.95,3
2022-03-30 14:52:00,56.91,56.95,56.91,56.95,3
2022-03-30 14:53:00,56.87,56.87,56.85,56.87,4
2022-03-30 14:54:00,56.87,56.87,56.87,56.87,0
2022-03-30 14:55:00,56.89,57.1,56.89,57.03,11
2022-03-30 14:56:00,57.09,57.09,56.92,56.92,4
2022-03-30 14:57:00,56.91,56.94,56.91,56.94,4
2022-03-30 14:58:00,56.94,56.94,56.94,56.94,0
2022-03-30 14:59:00,56.99,57.01,56.99,57.01,3
2022-03-30 15:00:00,57.01,57.01,56.97,56.97,3
2022-03-30 15:01:00,56.92,56.99,56.92,56.93,6
2022-03-30 15:02:00,56.93,56.93,56.93,56.93,0
2022-03-30 15:03:00,56.92,56.92,56.87,56.87,7
2022-03-30 15:04:00,56.87,56.87,56.87,56.87,0
2022-03-30 15:05:00,56.85,56.87,56.8,56.86,33
2022-03-30 15:06:00,56.82,56.82,56.82,56.82,2
2022-03-30 15:07:00,56.81,56.81,56.79,56.79,2
2022-03-30 15:08:00,56.75,56.99,56.74,56.92,15
2022-03-30 15:09:00,56.92,56.92,56.92,56.92,0
2022-03-30 15:10:00,56.91,56.91,56.91,56.91,1
2022-03-30 15:11:00,56.91,56.91,56.91,56.91,0
2022-03-30 15:12:00,56.91,56.91,56.91,56.91,0
2022-03-30 15:13:00,56.89,56.89,56.89,56.89,1
2022-03-30 15:14:00,56.84,56.88,56.81,56.87,4
2022-03-30 15:15:00,56.82,56.82,56.81,56.81,8
2022-03-30 15:16:00,56.8,56.8,56.8,56.8,2
2022-03-30 15:17:00,56.72,56.76,56.72,56.76,4
2022-03-30 15:18:00,56.7,56.71,56.64,56.64,10
2022-03-30 15:19:00,56.64,56.64,56.64,56.64,0
2022-03-30 15:20:00,56.64,56.69,56.62,56.64,26
2022-03-30 15:21:00,56.62,56.62,56.49,56.55,17
2022-03-30 15:22:00,56.55,56.6,56.55,56.55,4
2022-03-30 15:23:00,56.5,56.5,56.35,56.35,10
2022-03-30 15:24:00,56.36,56.36,56.35,56.35,2
2022-03-30 15:25:00,56.33,56.37,56.33,56.37,10
2022-03-30 15:26:00,56.41,56.42,56.23,56.25,114
2022-03-30 15:27:00,56.25,56.25,56.25,56.25,0
2022-03-30 15:28:00,56.31,56.32,56.31,56.31,4
2022-03-30 15:29:00,56.31,56.31,56.22,56.25,100
2022-03-30 15:30:00,56.25,56.25,56.24,56.25,15
2022-03-30 15:31:00,56.36,56.37,56.36,56.36,8
2022-03-30 15:32:00,56.39,56.43,56.39,56.4,10
2022-03-30 15:33:00,56.45,56.45,56.45,56.45,5
2022-03-30 15:34:00,56.46,56.46,56.46,56.46,2
2022-03-30 15:35:00,56.47,56.47,56.47,56.47,3
2022-03-30 15:36:00,56.5,56.52,56.48,56.51,11
2022-03-30 15:37:00,56.51,56.51,56.45,56.45,10
2022-03-30 15:38:00,56.45,56.45,56.32,56.36,14
2022-03-30 15:39:00,56.31,56.31,56.3,56.31,1
2022-03-30 15:40:00,56.23,56.23,56.17,56.17,25
2022-03-30 15:41:00,56.18,56.19,56.18,56.18,3
2022-03-30 15:42:00,56.26,56.31,56.26,56.3,9
2022-03-30 15:43:00,56.3,56.31,56.29,56.3,5
2022-03-30 15:44:00,56.27,56.28,56.26,56.26,2
2022-03-30 15:45:00,56.22,56.25,56.16,56.25,34
2022-03-30 15:46:00,56.26,56.27,56.25,56.27,5
2022-03-30 15:47:00,56.25,56.32,56.25,56.32,6
2022-03-30 15:48:00,56.34,56.37,56.34,56.35,8
2022-03-30 15:49:00,56.39,56.39,56.34,56.34,5
2022-03-30 15:50:00,56.3,56.32,56.18,56.2,23
2022-03-30 15:51:00,56.21,56.23,56.18,56.18,38
2022-03-30 15:52:00,56.23,56.23,56.17,56.17,12
2022-03-30 15:53:00,56.17,56.17,56.1,56.14,48
2022-03-30 15:54:00,56.11,56.21,56.11,56.17,28
2022-03-30 15:55:00,56.15,56.23,56.13,56.13,24
2022-03-30 15:56:00,56.16,56.2,56.16,56.19,28
2022-03-30 15:57:00,56.19,56.25,56.19,56.23,39
2022-03-30 15:58:00,56.25,56.27,56.23,56.27,61
2022-03-30 15:59:00,56.24,56.5,56.24,56.44,85
2022-03-31 09:30:00,56.48,56.51,55.88,55.88,90
2022-03-31 09:31:00,55.89,56.51,55.88,56.51,10
2022-03-31 09:32:00,57.0,57.0,56.91,56.92,9
2022-03-31 09:33:00,56.81,56.82,56.81,56.81,1
2022-03-31 09:34:00,56.75,56.91,56.74,56.91,11
2022-03-31 09:35:00,56.91,56.91,56.91,56.91,0
2022-03-31 09:36:00,56.85,56.85,56.6,56.71,15
2022-03-31 09:37:00,56.73,57.07,56.7,56.96,42
2022-03-31 09:38:00,56.84,57.02,56.84,57.02,9
2022-03-31 09:39:00,57.03,57.23,56.85,56.85,38
2022-03-31 09:40:00,56.85,56.85,56.85,56.85,0
2022-03-31 09:41:00,56.85,56.85,56.85,56.85,0
2022-03-31 09:42:00,56.65,56.96,56.65,56.84,44
2022-03-31 09:43:00,56.96,56.96,56.96,56.96,1
2022-03-31 09:44:00,56.8,56.82,56.8,56.82,2
2022-03-31 09:45:00,56.95,56.95,56.81,56.81,9
2022-03-31 09:46:00,56.74,56.77,56.65,56.65,40
2022-03-31 09:47:00,56.65,56.75,56.64,56.65,3
2022-03-31 09:48:00,56.67,56.8,56.67,56.8,3
2022-03-31 09:49:00,56.8,56.8,56.8,56.8,0
2022-03-31 09:50:00,57.0,57.08,57.0,57.08,3
2022-03-31 09:51:00,57.18,57.18,57.07,57.08,8
2022-03-31 09:52:00,57.08,57.25,57.07,57.21,6
2022-03-31 09:53:00,57.2,57.2,57.2,57.2,2
2022-03-31 09:54:00,57.01,57.1,57.0,57.1,6
2022-03-31 09:55:00,56.81,56.81,56.81,56.81,1
2022-03-31 09:56:00,56.59,56.59,56.59,56.59,1
2022-03-31 09:57:00,56.59,56.59,56.59,56.59,0
2022-03-31 09:58:00,56.59,56.59,56.59,56.59,0
2022-03-31 09:59:00,56.65,56.65,56.65,56.65,1
2022-03-31 10:00:00,56.73,56.75,56.37,56.37,47
2022-03-31 10:01:00,56.37,56.37,56.28,56.28,4
2022-03-31 10:02:00,56.07,56.07,56.07,56.07,1
2022-03-31 10:03:00,56.05,56.06,55.98,55.98,9
2022-03-31 10:04:00,56.01,56.13,56.01,56.11,8
2022-03-31 10:05:00,56.07,56.18,56.07,56.08,19
2022-03-31 10:06:00,56.11,56.11,56.11,56.11,1
2022-03-31 10:07:00,56.0,56.1,56.0,56.1,3
2022-03-31 10:08:00,56.14,56.14,56.1,56.12,10
2022-03-31 10:09:00,56.1,56.22,56.1,56.22,4
2022-03-31 10:10:00,56.22,56.22,56.22,56.22,0
2022-03-31 10:11:00,56.22,56.22,56.22,56.22,0
2022-03-31 10:12:00,56.25,56.4,56.25,56.27,4
2022-03-31 10:13:00,56.4,56.43,56.4,56.43,4
2022-03-31 10:14:00,56.57,56.57,56.57,56.57,3
2022-03-31 10:15:00,56.57,56.57,56.57,56.57,0
2022-03-31 10:16:00,56.72,56.75,56.72,56.75,2
2022-03-31 10:17:00,56.87,56.97,56.86,56.97,8
2022-03-31 10:18:00,57.0,57.01,57.0,57.0,1
2022-03-31 10:19:00,56.96,56.96,56.85,56.85,3
2022-03-31 10:20:00,56.92,56.97,56.92,56.96,20
2022-03-31 10:21:00,56.98,56.98,56.98,56.98,10
2022-03-31 10:22:00,57.01,57.01,57.0,57.01,1
2022-03-31 10:23:00,56.91,56.91,56.8,56.81,4
2022-03-31 10:24:00,56.67,56.67,56.67,56.67,1
2022-03-31 10:25:00,56.61,56.67,56.58,56.58,3
2022-03-31 10:26:00,56.67,56.67,56.67,56.67,1
2022-03-31 10:27:00,56.67,56.75,56.67,56.75,4
2022-03-31 10:28:00,56.61,56.61,56.61,56.61,1
2022-03-31 10:29:00,56.61,56.61,56.61,56.61,0
2022-03-31 10:30:00,56.76,56.84,56.76,56.84,2
2022-03-31 10:31:00,56.87,56.87,56.81,56.81,3
2022-03-31 10:32:00,56.81,56.81,56.81,56.81,1
2022-03-31 10:33:00,56.81,56.81,56.81,56.81,0
2022-03-31 10:34:00,56.82,56.87,56.82,56.85,6
2022-03-31 10:35:00,56.9,57.07,56.9,57.07,3
2022-03-31 10:36:00,57.07,57.07,57.07,57.07,0
2022-03-31 10:37:00,57.05,57.07,57.04,57.04,3
2022-03-31 10:38:00,56.9,56.91,56.9,56.91,6
2022-03-31 10:39:00,56.91,56.91,56.91,56.91,0
2022-03-31 10:40:00,56.91,56.91,56.91,56.91,0
2022-03-31 10:41:00,56.91,56.91,56.91,56.91,0
2022-03-31 10:42:00,56.85,56.85,56.85,56.85,2
2022-03-31 10:43:00,56.81,56.92,56.81,56.87,29
2022-03-31 10:44:00,56.86,56.9,56.78,56.82,25
2022-03-31 10:45:00,56.74,56.77,56.69,56.77,8
2022-03-31 10:46:00,56.78,56.93,56.78,56.93,4
2022-03-31 10:47:00,56.88,56.88,56.88,56.88,1
2022-03-31 10:48:00,56.81,56.81,56.81,56.81,1
2022-03-31 10:49:00,56.92,56.92,56.92,56.92,1
2022-03-31 10:50:00,56.99,57.13,56.99,57.09,16
2022-03-31 10:51:00,57.01,57.01,57.01,57.01,1
2022-03-31 10:52:00,57.01,57.12,57.01,57.12,19
2022-03-31 10:53:00,57.1,57.1,57.1,57.1,1
2022-03-31 10:54:00,57.1,57.1,57.1,57.1,0
2022-03-31 10:55:00,57.12,57.2,57.12,57.17,17
2022-03-31 10:56:00,57.24,57.34,57.24,57.34,7
2022-03-31 10:57:00,57.34,57.34,57.34,57.34,0
2022-03-31 10:58:00,57.5,57.5,57.44,57.45,3
2022-03-31 10:59:00,57.45,57.5,57.4,57.42,34
2022-03-31 11:00:00,57.42,57.42,57.36,57.36,3
2022-03-31 11:01:00,57.36,57.36,57.36,57.36,0
2022-03-31 11:02:00,57.36,57.36,57.36,57.36,0
2022-03-31 11:03:00,57.31,57.31,57.23,57.23,18
2022-03-31 11:04:00,57.07,57.07,57.04,57.05,2
2022-03-31 11:05:00,57.04,57.04,57.04,57.04,1
2022-03-31 11:06:00,57.06,57.06,57.06,57.06,1
2022-03-31 11:07:00,57.06,57.06,57.06,57.06,0
2022-03-31 11:08:00,56.94,56.97,56.94,56.97,2
2022-03-31 11:09:00,57.0,57.01,56.86,56.86,13
2022-03-31 11:10:00,56.89,56.89,56.79,56.79,5
2022-03-31 11:11:00,56.88,56.88,56.87,56.88,1
2022-03-31 11:12:00,56.88,56.88,56.88,56.88,0
2022-03-31 11:13:00,56.85,56.85,56.84,56.85,7
2022-03-31 11:14:00,56.91,56.91,56.91,56.91,1
2022-03-31 11:15:00,56.86,56.86,56.85,56.85,3
2022-03-31 11:16:00,56.83,56.83,56.83,56.83,1
2022-03-31 11:17:00,56.65,56.65,56.65,56.65,1
2022-03-31 11:18:00,56.6,56.65,56.6,56.6,8
2022-03-31 11:19:00,56.62,56.67,56.61,56.62,3
2022-03-31 11:20:00,56.62,56.62,56.62,56.62,0
2022-03-31 11:21:00,56.57,56.57,56.57,56.57,2
2022-03-31 11:22:00,56.74,56.74,56.74,56.74,1
2022-03-31 11:23:00,56.66,56.79,56.66,56.72,5
2022-03-31 11:24:00,56.68,56.68,56.61,56.61,11
2022-03-31 11:25:00,56.61,56.61,56.61,56.61,0
2022-03-31 11:26:00,56.61,56.61,56.61,56.61,0
2022-03-31 11:27:00,56.56,56.56,56.56,56.56,2
2022-03-31 11:28:00,56.56,56.56,56.56,56.56,0
2022-03-31 11:29:00,56.56,56.56,56.56,56.56,0
2022-03-31 11:30:00,56.56,56.56,56.56,56.56,0
2022-03-31 11:31:00,56.61,56.61,56.61,56.61,1
2022-03-31 11:32:00,56.61,56.61,56.61,56.61,0
2022-03-31 11:33:00,56.56,56.57,56.46,56.47,5
2022-03-31 11:34:00,56.41,56.41,56.41,56.41,1
2022-03-31 11:35:00,56.41,56.48,56.41,56.48,19
2022-03-31 11:36:00,56.48,56.48,56.48,56.48,0
2022-03-31 11:37:00,56.46,56.61,56.46,56.61,3
2022-03-31 11:38:00,56.61,56.61,56.61,56.61,0
2022-03-31 11:39:00,56.51,56.51,56.5,56.51,3
2022-03-31 11:40:00,56.51,56.51,56.51,56.51,0
2022-03-31 11:41:00,56.66,56.73,56.66,56.73,2
2022-03-31 11:42:00,56.65,56.65,56.65,56.65,1
2022-03-31 11:43:00,56.6,56.6,56.43,56.43,22
2022-03-31 11:44:00,56.43,56.43,56.43,56.43,0
2022-03-31 11:45:00,56.47,56.51,56.39,56.39,6
2022-03-31 11:46:00,56.39,56.39,56.39,56.39,0
2022-03-31 11:47:00,56.39,56.39,56.39,56.39,0
2022-03-31 11:48:00,56.37,56.37,56.37,56.37,2
2022-03-31 11:49:00,56.35,56.35,56.3,56.3,3
2022-03-31 11:50:00,56.35,56.35,56.35,56.35,2
2022-03-31 11:51:00,56.35,56.35,56.35,56.35,0
2022-03-31 11:52:00,56.21,56.25,56.21,56.25,6
2022-03-31 11:53:00,56.3,56.31,56.3,56.3,1
2022-03-31 11:54:00,56.25,56.25,56.24,56.25,1
2022-03-31 11:55:00,56.25,56.25,56.25,56.25,0
2022-03-31 11:56:00,56.21,56.21,56.19,56.19,2
2022-03-31 11:57:00,56.29,56.29,56.29,56.29,5
2022-03-31 11:58:00,56.27,56.32,56.27,56.32,12
2022-03-31 11:59:00,56.32,56.32,56.32,56.32,0
2022-03-31 12:00:00,56.35,56.35,56.35,56.35,1
2022-03-31 12:01:00,56.35,56.35,56.35,56.35,0
2022-03-31 12:02:00,56.3,56.3,56.27,56.29,4
2022-03-31 12:03:00,56.24,56.24,56.24,56.24,1
2022-03-31 12:04:00,56.22,56.25,56.19,56.2,5
2022-03-31 12:05:00,56.26,56.26,56.25,56.26,2
2022-03-31 12:06:00,56.3,56.33,56.25,56.32,3
2022-03-31 12:07:00,56.32,56.32,56.32,56.32,0
2022-03-31 12:08:00,56.35,56.35,56.31,56.35,3
2022-03-31 12:09:00,56.32,56.32,56.31,56.32,1
2022-03-31 12:10:00,56.26,56.31,56.26,56.3,2
2022-03-31 12:11:00,56.35,56.4,56.32,56.35,22
2022-03-31 12:12:00,56.35,56.37,56.27,56.27,25
2022-03-31 12:13:00,56.25,56.25,56.25,56.25,1
2022-03-31 12:14:00,56.24,56.24,56.24,56.24,1
2022-03-31 12:15:00,56.24,56.24,56.24,56.24,0
2022-03-31 12:16:00,56.24,56.24,56.24,56.24,0
2022-03-31 12:17:00,56.24,56.24,56.24,56.24,0
2022-03-31 12:18:00,56.24,56.24,56.24,56.24,0
2022-03-31 12:19:00,56.16,56.16,56.05,56.05,6
2022-03-31 12:20:00,56.05,56.05,56.05,56.05,0
2022-03-31 12:21:00,56.05,56.05,55.97,56.02,30
2022-03-31 12:22:00,56.01,56.03,56.01,56.03,5
2022-03-31 12:23:00,56.08,56.08,56.07,56.08,1
2022-03-31 12:24:00,56.08,56.08,56.08,56.08,0
2022-03-31 12:25:00,55.99,56.05,55.99,56.05,3
2022-03-31 12:26:00,56.05,56.05,56.05,56.05,0
2022-03-31 12:27:00,56.01,56.01,56.01,56.01,1
2022-03-31 12:28:00,56.03,56.04,56.0,56.04,27
2022-03-31 12:29:00,56.06,56.06,56.06,56.06,1
2022-03-31 12:30:00,56.14,56.14,56.11,56.11,2
2022-03-31 12:31:00,56.11,56.11,56.11,56.11,0
2022-03-31 12:32:00,56.09,56.09,56.09,56.09,1
2022-03-31 12:33:00,56.07,56.07,56.06,56.07,1
2022-03-31 12:34:00,55.99,56.02,55.91,56.02,26
2022-03-31 12:35:00,56.03,56.03,56.03,56.03,1
2022-03-31 12:36:00,56.02,56.05,56.02,56.05,3
2022-03-31 12:37:00,56.05,56.05,56.05,56.05,0
2022-03-31 12:38:00,56.1,56.1,56.09,56.1,1
2022-03-31 12:39:00,56.1,56.1,56.1,56.1,0
2022-03-31 12:40:00,56.11,56.11,56.1,56.11,1
2022-03-31 12:41:00,56.17,56.17,56.1,56.1,13
2022-03-31 12:42:00,56.08,56.08,56.08,56.08,1
2022-03-31 12:43:00,56.08,56.08,56.08,56.08,0
2022-03-31 12:44:00,56.05,56.11,56.05,56.11,2
2022-03-31 12:45:00,56.11,56.11,56.11,56.11,0
2022-03-31 12:46:00,56.13,56.13,56.12,56.13,1
2022-03-31 12:47:00,56.13,56.13,56.13,56.13,0
2022-03-31 12:48:00,56.09,56.09,56.08,56.09,1
2022-03-31 12:49:00,56.08,56.11,56.04,56.11,3
2022-03-31 12:50:00,56.11,56.11,56.11,56.11,0
2022-03-31 12:51:00,56.11,56.11,56.11,56.11,0
2022-03-31 12:52:00,56.11,56.11,56.11,56.11,0
2022-03-31 12:53:00,56.04,56.04,56.04,56.04,2
2022-03-31 12:54:00,56.05,56.05,55.97,55.97,7
2022-03-31 12:55:00,55.97,55.97,55.97,55.97,0
2022-03-31 12:56:00,56.01,56.01,56.01,56.01,1
2022-03-31 12:57:00,56.05,56.15,56.05,56.15,2
2022-03-31 12:58:00,56.15,56.15,56.15,56.15,0
2022-03-31 12:59:00,56.15,56.15,56.15,56.15,0
2022-03-31 13:00:00,56.12,56.12,56.02,56.02,2
2022-03-31 13:01:00,56.12,56.12,56.12,56.12,1
2022-03-31 13:02:00,56.12,56.17,56.12,56.17,2
2022-03-31 13:03:00,56.17,56.17,56.17,56.17,0
2022-03-31 13:04:00,56.09,56.09,56.05,56.06,4
2022-03-31 13:05:00,56.06,56.06,56.06,56.06,0
2022-03-31 13:06:00,55.99,55.99,55.91,55.91,2
2022-03-31 13:07:00,55.93,55.93,55.93,55.93,1
2022-03-31 13:08:00,55.9,55.93,55.9,55.93,3
2022-03-31 13:09:00,55.94,55.94,55.94,55.94,1
2022-03-31 13:10:00,55.94,55.99,55.94,55.98,6
2022-03-31 13:11:00,55.98,55.98,55.98,55.98,0
2022-03-31 13:12:00,55.98,55.98,55.98,55.98,0
2022-03-31 13:13:00,55.94,55.94,55.93,55.94,1
2022-03-31 13:14:00,55.94,55.94,55.94,55.94,0
2022-03-31 13:15:00,55.85,55.85,55.85,55.85,2
2022-03-31 13:16:00,55.77,55.77,55.59,55.59,18
2022-03-31 13:17:00,55.58,55.58,55.58,55.58,3
2022-03-31 13:18:00,55.69,55.69,55.69,55.69,1
2022-03-31 13:19:00,55.7,55.8,55.7,55.8,4
2022-03-31 13:20:00,55.64,55.76,55.64,55.68,6
2022-03-31 13:21:00,55.68,55.68,55.68,55.68,0
2022-03-31 13:22:00,55.68,55.68,55.68,55.68,0
2022-03-31 13:23:00,55.62,55.72,55.62,55.66,5
2022-03-31 13:24:00,55.75,55.75,55.66,55.74,7
2022-03-31 13:25:00,55.76,55.78,55.76,55.78,3
2022-03-31 13:26:00,55.78,55.78,55.78,55.78,0
2022-03-31 13:27:00,55.77,55.77,55.77,55.77,1
2022-03-31 13:28:00,55.77,55.77,55.77,55.77,0
2022-03-31 13:29:00,55.82,55.83,55.82,55.83,4
2022-03-31 13:30:00,55.82,55.89,55.81,55.89,3
2022-03-31 13:31:00,55.89,55.89,55.89,55.89,0
2022-03-31 13:32:00,55.89,55.89,55.89,55.89,0
2022-03-31 13:33:00,55.79,55.8,55.79,55.79,8
2022-03-31 13:34:00,55.79,55.79,55.79,55.79,0
2022-03-31 13:35:00,55.79,55.79,55.79,55.79,0
2022-03-31 13:36:00,55.79,55.79,55.79,55.79,0
2022-03-31 13:37:00,55.83,55.83,55.72,55.72,4
2022-03-31 13:38:00,55.82,55.82,55.73,55.73,6
2022-03-31 13:39:00,55.74,55.74,55.71,55.74,4
2022-03-31 13:40:00,55.82,55.82,55.82,55.82,1
2022-03-31 13:41:00,55.82,55.82,55.82,55.82,0
2022-03-31 13:42:00,55.82,55.82,55.82,55.82,0
2022-03-31 13:43:00,55.82,55.82,55.82,55.82,0
2022-03-31 13:44:00,55.88,55.9,55.84,55.84,5
2022-03-31 13:45:00,55.81,55.89,55.81,55.81,3
2022-03-31 13:46:00,55.81,55.9,55.81,55.9,2
2022-03-31 13:47:00,55.9,55.9,55.9,55.9,0
2022-03-31 13:48:00,55.86,55.86,55.86,55.86,1
2022-03-31 13:49:00,55.79,55.9,55.79,55.9,9
2022-03-31 13:50:00,55.93,55.99,55.93,55.99,5
2022-03-31 13:51:00,55.99,55.99,55.99,55.99,1
2022-03-31 13:52:00,56.0,56.0,56.0,56.0,1
2022-03-31 13:53:00,56.0,56.0,56.0,56.0,0
2022-03-31 13:54:00,56.0,56.0,56.0,56.0,0
2022-03-31 13:55:00,55.86,55.87,55.86,55.86,1
2022-03-31 13:56:00,55.86,55.86,55.86,55.86,0
2022-03-31 13:57:00,55.85,55.86,55.84,55.86,3
2022-03-31 13:58:00,55.86,55.86,55.86,55.86,0
2022-03-31 13:59:00,55.86,55.86,55.86,55.86,0
2022-03-31 14:00:00,55.74,55.74,55.74,55.74,1
2022-03-31 14:01:00,55.73,55.79,55.73,55.79,6
2022-03-31 14:02:00,55.8,55.8,55.8,55.8,1
2022-03-31 14:03:00,55.73,55.73,55.68,55.68,3
2022-03-31 14:04:00,55.68,55.68,55.68,55.68,0
2022-03-31 14:05:00,55.67,55.67,55.66,55.66,8
2022-03-31 14:06:00,55.73,55.73,55.73,55.73,1
2022-03-31 14:07:00,55.73,55.73,55.73,55.73,0
2022-03-31 14:08:00,55.73,55.73,55.73,55.73,0
2022-03-31 14:09:00,55.66,55.66,55.61,55.61,2
2022-03-31 14:10:00,55.59,55.6,55.51,55.6,9
2022-03-31 14:11:00,55.56,55.6,55.5,55.6,5
2022-03-31 14:12:00,55.55,55.55,55.54,55.55,2
2022-03-31 14:13:00,55.57,55.57,55.57,55.57,1
2022-03-31 14:14:00,55.49,55.49,55.46,55.46,5
2022-03-31 14:15:00,55.4,55.4,55.36,55.36,14
2022-03-31 14:16:00,55.25,55.25,55.2,55.2,5
2022-03-31 14:17:00,55.22,55.32,55.22,55.27,8
2022-03-31 14:18:00,55.27,55.27,55.27,55.27,0
2022-03-31 14:19:00,55.19,55.23,55.19,55.23,3
2022-03-31 14:20:00,55.12,55.23,55.12,55.23,14
2022-03-31 14:21:00,55.23,55.23,55.23,55.23,0
2022-03-31 14:22:00,55.18,55.18,55.18,55.18,1
2022-03-31 14:23:00,55.24,55.25,55.24,55.25,3
2022-03-31 14:24:00,55.15,55.15,55.15,55.15,1
2022-03-31 14:25:00,55.13,55.13,55.13,55.13,1
2022-03-31 14:26:00,55.06,55.06,55.06,55.06,1
2022-03-31 14:27:00,55.17,55.21,55.14,55.21,11
2022-03-31 14:28:00,55.17,55.17,55.1,55.11,20
2022-03-31 14:29:00,55.16,55.21,55.15,55.21,9
2022-03-31 14:30:00,55.21,55.21,55.21,55.21,0
2022-03-31 14:31:00,55.21,55.21,55.21,55.21,1
2022-03-31 14:32:00,55.24,55.31,55.24,55.26,10
2022-03-31 14:33:00,55.3,55.31,55.18,55.19,32
2022-03-31 14:34:00,55.19,55.19,55.19,55.19,0
2022-03-31 14:35:00,55.22,55.26,55.2,55.26,12
2022-03-31 14:36:00,55.27,55.4,55.27,55.36,10
2022-03-31 14:37:00,55.32,55.32,55.32,55.32,1
2022-03-31 14:38:00,55.32,55.32,55.32,55.32,0
2022-03-31 14:39:00,55.25,55.25,55.25,55.25,2
2022-03-31 14:40:00,55.28,55.28,55.26,55.27,3
2022-03-31 14:41:00,55.27,55.33,55.26,55.33,4
2022-03-31 14:42:00,55.34,55.35,55.32,55.33,8
2022-03-31 14:43:00,55.33,55.33,55.33,55.33,0
2022-03-31 14:44:00,55.25,55.29,55.25,55.29,7
2022-03-31 14:45:00,55.29,55.29,55.29,55.29,0
2022-03-31 14:46:00,55.25,55.25,55.18,55.23,13
2022-03-31 14:47:00,55.22,55.28,55.22,55.28,20
2022-03-31 14:48:00,55.23,55.24,55.23,55.23,11
2022-03-31 14:49:00,55.22,55.22,55.22,55.22,2
2022-03-31 14:50:00,55.17,55.17,55.17,55.17,1
2022-03-31 14:51:00,55.08,55.11,55.08,55.11,8
2022-03-31 14:52:00,55.08,55.12,55.08,55.12,6
2022-03-31 14:53:00,55.15,55.19,55.15,55.19,5
2022-03-31 14:54:00,55.09,55.09,55.09,55.09,1
2022-03-31 14:55:00,55.1,55.12,55.1,55.12,3
2022-03-31 14:56:00,55.14,55.17,55.14,55.17,2
2022-03-31 14:57:00,55.19,55.21,55.19,55.2,4
2022-03-31 14:58:00,55.23,55.23,55.22,55.22,9
2022-03-31 14:59:00,55.22,55.22,55.22,55.22,0
2022-03-31 15:00:00,55.26,55.27,55.26,55.27,5
2022-03-31 15:01:00,55.27,55.27,55.27,55.27,0
2022-03-31 15:02:00,55.39,55.39,55.39,55.39,2
2022-03-31 15:03:00,55.38,55.49,55.38,55.49,3
2022-03-31 15:04:00,55.45,55.45,55.36,55.36,7
2022-03-31 15:05:00,55.4,55.4,55.34,55.34,2
2022-03-31 15:06:00,55.33,55.41,55.32,55.41,22
2022-03-31 15:07:00,55.41,55.41,55.41,55.41,0
2022-03-31 15:08:00,55.4,55.4,55.39,55.39,4
2022-03-31 15:09:00,55.34,55.38,55.34,55.36,4
2022-03-31 15:10:00,55.31,55.31,55.31,55.31,1
2022-03-31 15:11:00,55.26,55.26,55.1,55.18,27
2022-03-31 15:12:00,55.26,55.26,55.23,55.23,2
2022-03-31 15:13:00,55.24,55.27,55.23,55.27,4
2022-03-31 15:14:00,55.3,55.31,55.3,55.31,5
2022-03-31 15:15:00,55.22,55.22,55.16,55.16,3
2022-03-31 15:16:00,55.16,55.16,55.16,55.16,0
2022-03-31 15:17:00,55.18,55.21,55.16,55.21,5
2022-03-31 15:18:00,55.17,55.17,55.14,55.14,5
2022-03-31 15:19:00,55.12,55.12,55.12,55.12,1
2022-03-31 15:20:00,55.08,55.08,55.03,55.07,102
2022-03-31 15:21:00,55.07,55.13,55.07,55.13,60
2022-03-31 15:22:00,55.17,55.17,55.15,55.15,5
2022-03-31 15:23:00,55.09,55.11,55.09,55.11,2
2022-03-31 15:24:00,55.11,55.11,55.11,55.11,0
2022-03-31 15:25:00,55.07,55.16,55.06,55.14,11
2022-03-31 15:26:00,55.11,55.11,55.09,55.09,6
2022-03-31 15:27:00,55.09,55.09,55.08,55.09,10
2022-03-31 15:28:00,55.08,55.09,55.07,55.08,8
2022-03-31 15:29:00,55.06,55.07,55.0,55.04,16
2022-03-31 15:30:00,54.97,55.02,54.96,55.02,12
2022-03-31 15:31:00,54.99,54.99,54.85,54.85,16
2022-03-31 15:32:00,54.8,54.83,54.75,54.8,30
2022-03-31 15:33:00,54.76,54.77,54.65,54.65,35
2022-03-31 15:34:00,54.65,54.65,54.59,54.63,5
2022-03-31 15:35:00,54.59,54.59,54.49,54.54,35
2022-03-31 15:36:00,54.54,54.62,54.51,54.58,21
2022-03-31 15:37:00,54.57,54.57,54.52,54.54,8
2022-03-31 15:38:00,54.51,54.54,54.5,54.5,23
2022-03-31 15:39:00,54.58,54.66,54.57,54.65,14
2022-03-31 15:40:00,54.58,54.58,54.55,54.58,15
2022-03-31 15:41:00,54.67,54.67,54.66,54.66,2
2022-03-31 15:42:00,54.65,54.66,54.61,54.61,16
2022-03-31 15:43:00,54.57,54.62,54.56,54.56,20
2022-03-31 15:44:00,54.58,54.65,54.57,54.6,36
2022-03-31 15:45:00,54.53,54.8,54.52,54.8,34
2022-03-31 15:46:00,54.77,54.77,54.73,54.74,10
2022-03-31 15:47:00,54.78,54.82,54.75,54.75,27
2022-03-31 15:48:00,54.73,54.74,54.7,54.73,3
2022-03-31 15:49:00,54.68,54.77,54.68,54.73,26
2022-03-31 15:50:00,54.72,54.88,54.72,54.87,17
2022-03-31 15:51:00,54.84,54.93,54.75,54.88,71
2022-03-31 15:52:00,54.9,54.93,54.87,54.87,30
2022-03-31 15:53:00,54.87,54.88,54.8,54.8,10
2022-03-31 15:54:00,54.76,54.88,54.72,54.82,113
2022-03-31 15:55:00,54.83,54.88,54.77,54.83,80
2022-03-31 15:56:00,54.82,54.89,54.8,54.85,24
2022-03-31 15:57:00,54.87,54.89,54.8,54.86,69
2022-03-31 15:58:00,54.88,54.89,54.83,54.88,74
2022-03-31 15:59:00,54.89,54.9,54.71,54.87,263
2022-04-01 09:30:00,55.44,55.85,55.39,55.85,127
2022-04-01 09:31:00,55.75,55.75,55.66,55.66,3
2022-04-01 09:32:00,55.77,55.77,55.7,55.7,5
2022-04-01 09:33:00,55.91,55.92,55.8,55.8,10
2022-04-01 09:34:00,55.81,55.81,55.63,55.71,10
2022-04-01 09:35:00,55.59,55.62,55.39,55.56,19
2022-04-01 09:36:00,55.68,55.68,55.68,55.68,1
2022-04-01 09:37:00,55.68,55.68,55.68,55.68,0
2022-04-01 09:38:00,55.73,55.8,55.73,55.8,4
2022-04-01 09:39:00,55.7,55.7,55.7,55.7,9
2022-04-01 09:40:00,55.51,55.51,55.37,55.37,28
2022-04-01 09:41:00,55.3,55.52,55.25,55.37,38
2022-04-01 09:42:00,55.37,55.37,55.37,55.37,0
2022-04-01 09:43:00,55.48,55.48,55.48,55.48,1
2022-04-01 09:44:00,55.48,55.48,55.48,55.48,0
2022-04-01 09:45:00,55.31,55.31,55.31,55.31,1
2022-04-01 09:46:00,55.31,55.31,55.31,55.31,0
2022-04-01 09:47:00,55.36,55.5,55.36,55.5,22
2022-04-01 09:48:00,55.44,55.44,55.43,55.44,7
2022-04-01 09:49:00,55.3,55.3,55.3,55.3,1
2022-04-01 09:50:00,55.24,55.5,55.24,55.49,30
2022-04-01 09:51:00,55.49,55.49,55.49,55.49,0
2022-04-01 09:52:00,55.3,55.61,55.3,55.61,29
2022-04-01 09:53:00,55.46,55.46,55.4,55.4,2
2022-04-01 09:54:00,55.4,55.4,55.4,55.4,0
2022-04-01 09:55:00,55.4,55.4,55.4,55.4,1
2022-04-01 09:56:00,55.6,55.67,55.6,55.62,7
2022-04-01 09:57:00,55.62,55.62,55.62,55.62,0
2022-04-01 09:58:00,55.62,55.62,55.62,55.62,0
2022-04-01 09:59:00,55.85,55.91,55.85,55.91,6
2022-04-01 10:00:00,55.79,55.97,55.79,55.97,17
2022-04-01 10:01:00,55.87,55.88,55.87,55.88,2
2022-04-01 10:02:00,55.88,55.88,55.88,55.88,0
2022-04-01 10:03:00,55.8,55.8,55.72,55.72,7
2022-04-01 10:04:00,55.9,55.9,55.9,55.9,2
2022-04-01 10:05:00,55.89,55.95,55.88,55.95,5
2022-04-01 10:06:00,55.95,55.95,55.95,55.95,0
2022-04-01 10:07:00,55.85,55.86,55.66,55.73,49
2022-04-01 10:08:00,55.73,55.73,55.73,55.73,0
2022-04-01 10:09:00,55.83,55.83,55.75,55.75,4
2022-04-01 10:10:00,55.75,55.79,55.7,55.79,3
2022-04-01 10:11:00,55.79,55.79,55.79,55.79,0
2022-04-01 10:12:00,55.85,55.87,55.6,55.6,5
2022-04-01 10:13:00,55.83,55.83,55.83,55.83,1
2022-04-01 10:14:00,55.84,55.88,55.81,55.82,31
2022-04-01 10:15:00,55.88,55.88,55.88,55.88,1
2022-04-01 10:16:00,55.7,55.78,55.7,55.77,10
2022-04-01 10:17:00,55.88,55.88,55.88,55.88,1
2022-04-01 10:18:00,55.85,55.88,55.68,55.68,5
2022-04-01 10:19:00,55.69,55.69,55.55,55.6,6
2022-04-01 10:20:00,55.43,55.43,55.43,55.43,1
2022-04-01 10:21:00,55.31,55.46,55.31,55.46,17
2022-04-01 10:22:00,55.42,55.52,55.41,55.52,8
2022-04-01 10:23:00,55.55,55.55,55.02,55.02,78
2022-04-01 10:24:00,55.23,55.23,55.11,55.11,2
2022-04-01 10:25:00,55.11,55.11,55.11,55.11,0
2022-04-01 10:26:00,55.09,55.09,55.08,55.09,1
2022-04-01 10:27:00,55.05,55.18,55.05,55.18,12
2022-04-01 10:28:00,55.18,55.18,55.18,55.18,0
2022-04-01 10:29:00,55.22,55.22,55.22,55.22,1
2022-04-01 10:30:00,55.22,55.22,55.22,55.22,0
2022-04-01 10:31:00,55.29,55.39,55.29,55.38,3
2022-04-01 10:32:00,55.39,55.4,55.39,55.4,2
2022-04-01 10:33:00,55.48,55.48,55.48,55.48,1
2022-04-01 10:34:00,55.48,55.48,55.48,55.48,0
2022-04-01 10:35:00,55.85,55.89,55.85,55.89,4
2022-04-01 10:36:00,55.88,55.95,55.81,55.85,12
2022-04-01 10:37:00,55.96,55.96,55.96,55.96,2
2022-04-01 10:38:00,56.02,56.02,55.87,55.93,3
2022-04-01 10:39:00,55.98,55.99,55.87,55.94,12
2022-04-01 10:40:00,55.93,55.97,55.92,55.97,2
2022-04-01 10:41:00,55.96,55.96,55.85,55.9,5
2022-04-01 10:42:00,55.92,56.0,55.92,56.0,4
2022-04-01 10:43:00,55.94,55.96,55.94,55.96,3
2022-04-01 10:44:00,55.96,56.07,55.96,56.07,7
2022-04-01 10:45:00,56.03,56.04,56.0,56.02,11
2022-04-01 10:46:00,56.08,56.16,56.08,56.14,4
2022-04-01 10:47:00,56.17,56.17,56.17,56.17,2
2022-04-01 10:48:00,56.23,56.23,56.22,56.22,2
2022-04-01 10:49:00,56.22,56.28,56.12,56.28,13
2022-04-01 10:50:00,56.3,56.3,56.17,56.19,7
2022-04-01 10:51:00,56.33,56.34,56.22,56.22,6
2022-04-01 10:52:00,56.27,56.38,56.26,56.36,9
2022-04-01 10:53:00,56.38,56.47,56.38,56.39,8
2022-04-01 10:54:00,56.39,56.39,56.39,56.39,1
2022-04-01 10:55:00,56.38,56.41,56.37,56.41,11
2022-04-01 10:56:00,56.41,56.41,56.41,56.41,0
2022-04-01 10:57:00,56.38,56.39,56.35,56.35,4
2022-04-01 10:58:00,56.35,56.35,56.35,56.35,0
2022-04-01 10:59:00,56.35,56.35,56.35,56.35,0
2022-04-01 11:00:00,56.35,56.35,56.35,56.35,0
2022-04-01 11:01:00,56.41,56.41,56.4,56.41,1
2022-04-01 11:02:00,56.36,56.36,56.26,56.29,5
2022-04-01 11:03:00,56.28,56.28,56.26,56.26,3
2022-04-01 11:04:00,56.22,56.23,56.22,56.23,3
2022-04-01 11:05:00,56.24,56.28,56.14,56.28,4
2022-04-01 11:06:00,56.21,56.21,56.2,56.21,1
2022-04-01 11:07:00,56.27,56.29,56.22,56.22,8
2022-04-01 11:08:00,56.23,56.27,56.23,56.27,4
2022-04-01 11:09:00,56.3,56.3,56.29,56.3,1
2022-04-01 11:10:00,56.35,56.35,56.24,56.34,39
2022-04-01 11:11:00,56.34,56.34,56.34,56.34,0
2022-04-01 11:12:00,56.4,56.4,56.28,56.29,4
2022-04-01 11:13:00,56.21,56.21,56.21,56.21,2
2022-04-01 11:14:00,56.1,56.11,56.1,56.1,6
2022-04-01 11:15:00,56.08,56.11,56.06,56.11,8
2022-04-01 11:16:00,56.01,56.01,56.01,56.01,1
2022-04-01 11:17:00,56.01,56.01,56.01,56.01,0
2022-04-01 11:18:00,56.01,56.01,56.01,56.01,1
2022-04-01 11:19:00,56.03,56.03,56.02,56.03,1
2022-04-01 11:20:00,56.03,56.03,56.03,56.03,0
2022-04-01 11:21:00,56.03,56.03,56.03,56.03,0
2022-04-01 11:22:00,55.9,55.9,55.9,55.9,1
2022-04-01 11:23:00,55.8,55.8,55.8,55.8,1
2022-04-01 11:24:00,55.72,55.75,55.71,55.75,9
2022-04-01 11:25:00,55.75,55.75,55.75,55.75,0
2022-04-01 11:26:00,55.76,55.76,55.76,55.76,3
2022-04-01 11:27:00,55.73,55.78,55.72,55.78,6
2022-04-01 11:28:00,55.82,55.82,55.77,55.78,2
2022-04-01 11:29:00,55.74,55.86,55.74,55.86,4
2022-04-01 11:30:00,55.85,55.85,55.85,55.85,1
2022-04-01 11:31:00,55.91,55.91,55.85,55.85,3
2022-04-01 11:32:00,55.77,55.79,55.77,55.79,5
2022-04-01 11:33:00,55.79,55.79,55.72,55.72,5
2022-04-01 11:34:00,55.74,55.74,55.71,55.71,2
2022-04-01 11:35:00,55.68,55.7,55.68,55.7,2
2022-04-01 11:36:00,55.66,55.66,55.59,55.59,3
2022-04-01 11:37:00,55.59,55.59,55.59,55.59,0
2022-04-01 11:38:00,55.59,55.59,55.59,55.59,0
2022-04-01 11:39:00,55.59,55.59,55.59,55.59,0
2022-04-01 11:40:00,55.48,55.48,55.48,55.48,1
2022-04-01 11:41:00,55.57,55.61,55.53,55.61,5
2022-04-01 11:42:00,55.56,55.6,55.5,55.5,5
2022-04-01 11:43:00,55.54,55.54,55.38,55.38,8
2022-04-01 11:44:00,55.38,55.38,55.38,55.38,0
2022-04-01 11:45:00,55.38,55.38,55.38,55.38,0
2022-04-01 11:46:00,55.38,55.38,55.38,55.38,0
2022-04-01 11:47:00,55.58,55.62,55.58,55.62,3
2022-04-01 11:48:00,55.56,55.57,55.56,55.57,4
2022-04-01 11:49:00,55.57,55.57,55.57,55.57,0
2022-04-01 11:50:00,55.48,55.48,55.48,55.48,1
2022-04-01 11:51:00,55.44,55.45,55.44,55.44,2
2022-04-01 11:52:00,55.44,55.44,55.44,55.44,0
2022-04-01 11:53:00,55.46,55.46,55.46,55.46,1
2022-04-01 11:54:00,55.58,55.6,55.58,55.6,2
2022-04-01 11:55:00,55.5,55.61,55.5,55.6,3
2022-04-01 11:56:00,55.41,55.43,55.41,55.43,2
2022-04-01 11:57:00,55.43,55.43,55.38,55.38,2
2022-04-01 11:58:00,55.38,55.38,55.38,55.38,0
2022-04-01 11:59:00,55.32,55.32,55.32,55.32,1
2022-04-01 12:00:00,55.32,55.32,55.32,55.32,0
2022-04-01 12:01:00,55.32,55.32,55.32,55.32,0
2022-04-01 12:02:00,55.2,55.2,55.2,55.2,1
2022-04-01 12:03:00,55.27,55.34,55.26,55.26,6
2022-04-01 12:04:00,55.19,55.19,55.19,55.19,1
2022-04-01 12:05:00,55.24,55.24,55.16,55.16,4
2022-04-01 12:06:00,55.16,55.16,55.16,55.16,1
2022-04-01 12:07:00,55.23,55.23,55.23,55.23,2
2022-04-01 12:08:00,55.23,55.23,55.23,55.23,0
2022-04-01 12:09:00,55.34,55.34,55.34,55.34,1
2022-04-01 12:10:00,55.46,55.46,55.45,55.46,1
2022-04-01 12:11:00,55.46,55.46,55.46,55.46,0
2022-04-01 12:12:00,55.46,55.46,55.46,55.46,0
2022-04-01 12:13:00,55.43,55.5,55.43,55.5,2
2022-04-01 12:14:00,55.5,55.5,55.5,55.5,0
2022-04-01 12:15:00,55.55,55.55,55.55,55.55,1
2022-04-01 12:16:00,55.48,55.48,55.47,55.48,2
2022-04-01 12:17:00,55.38,55.38,55.38,55.38,1
2022-04-01 12:18:00,55.33,55.33,55.21,55.27,10
2022-04-01 12:19:00,55.27,55.27,55.27,55.27,0
2022-04-01 12:20:00,55.27,55.27,55.27,55.27,0
2022-04-01 12:21:00,55.3,55.45,55.29,55.45,5
2022-04-01 12:22:00,55.45,55.45,55.45,55.45,0
2022-04-01 12:23:00,55.38,55.38,55.38,55.38,1
2022-04-01 12:24:00,55.38,55.38,55.38,55.38,0
2022-04-01 12:25:00,55.37,55.37,55.36,55.37,1
2022-04-01 12:26:00,55.37,55.37,55.37,55.37,0
2022-04-01 12:27:00,55.38,55.38,55.34,55.34,2
2022-04-01 12:28:00,55.34,55.34,55.34,55.34,0
2022-04-01 12:29:00,55.34,55.34,55.34,55.34,0
2022-04-01 12:30:00,55.26,55.35,55.26,55.35,19
2022-04-01 12:31:00,55.4,55.46,55.4,55.44,19
2022-04-01 12:32:00,55.41,55.41,55.41,55.41,1
2022-04-01 12:33:00,55.42,55.43,55.42,55.42,4
2022-04-01 12:34:00,55.38,55.38,55.37,55.38,2
2022-04-01 12:35:00,55.32,55.32,55.32,55.32,1
2022-04-01 12:36:00,55.33,55.36,55.32,55.35,23
2022-04-01 12:37:00,55.35,55.35,55.35,55.35,0
2022-04-01 12:38:00,55.44,55.45,55.44,55.45,2
2022-04-01 12:39:00,55.51,55.51,55.5,55.51,3
2022-04-01 12:40:00,55.51,55.51,55.51,55.51,0
2022-04-01 12:41:00,55.56,55.57,55.52,55.53,14
2022-04-01 12:42:00,55.54,55.54,55.54,55.54,1
2022-04-01 12:43:00,55.54,55.54,55.54,55.54,0
2022-04-01 12:44:00,55.72,55.72,55.71,55.72,1
2022-04-01 12:45:00,55.73,55.73,55.65,55.65,3
2022-04-01 12:46:00,55.54,55.54,55.54,55.54,1
2022-04-01 12:47:00,55.54,55.54,55.54,55.54,0
2022-04-01 12:48:00,55.54,55.54,55.54,55.54,0
2022-04-01 12:49:00,55.53,55.53,55.52,55.53,1
2022-04-01 12:50:00,55.57,55.62,55.57,55.57,6
2022-04-01 12:51:00,55.57,55.57,55.57,55.57,0
2022-04-01 12:52:00,55.59,55.59,55.58,55.59,1
2022-04-01 12:53:00,55.57,55.64,55.56,55.64,6
2022-04-01 12:54:00,55.64,55.64,55.64,55.64,0
2022-04-01 12:55:00,55.68,55.68,55.67,55.68,1
2022-04-01 12:56:00,55.64,55.64,55.56,55.56,2
2022-04-01 12:57:00,55.58,55.58,55.58,55.58,9
2022-04-01 12:58:00,55.64,55.64,55.58,55.58,3
2022-04-01 12:59:00,55.52,55.52,55.52,55.52,1
2022-04-01 13:00:00,55.49,55.49,55.49,55.49,2
2022-04-01 13:01:00,55.47,55.47,55.46,55.47,2
2022-04-01 13:02:00,55.52,55.53,55.52,55.52,4
2022-04-01 13:03:00,55.52,55.52,55.52,55.52,0
2022-04-01 13:04:00,55.52,55.52,55.52,55.52,0
2022-04-01 13:05:00,55.52,55.52,55.52,55.52,0
2022-04-01 13:06:00,55.46,55.53,55.46,55.51,6
2022-04-01 13:07:00,55.51,55.51,55.51,55.51,0
2022-04-01 13:08:00,55.64,55.64,55.55,55.6,5
2022-04-01 13:09:00,55.54,55.54,55.54,55.54,1
2022-04-01 13:10:00,55.54,55.54,55.54,55.54,0
2022-04-01 13:11:00,55.47,55.47,55.47,55.47,1
2022-04-01 13:12:00,55.47,55.47,55.47,55.47,0
2022-04-01 13:13:00,55.47,55.47,55.47,55.47,0
2022-04-01 13:14:00,55.47,55.47,55.47,55.47,0
2022-04-01 13:15:00,55.47,55.47,55.47,55.47,0
2022-04-01 13:16:00,55.34,55.34,55.33,55.34,1
2022-04-01 13:17:00,55.34,55.34,55.34,55.34,0
2022-04-01 13:18:00,55.3,55.34,55.3,55.34,2
2022-04-01 13:19:00,55.39,55.4,55.34,55.4,6
2022-04-01 13:20:00,55.4,55.4,55.4,55.4,0
2022-04-01 13:21:00,55.4,55.4,55.4,55.4,0
2022-04-01 13:22:00,55.41,55.45,55.41,55.45,2
2022-04-01 13:23:00,55.47,55.48,55.47,55.47,3
2022-04-01 13:24:00,55.4,55.4,55.4,55.4,1
2022-04-01 13:25:00,55.4,55.4,55.4,55.4,0
2022-04-01 13:26:00,55.4,55.4,55.4,55.4,0
2022-04-01 13:27:00,55.47,55.47,55.47,55.47,2
2022-04-01 13:28:00,55.44,55.44,55.43,55.44,1
2022-04-01 13:29:00,55.44,55.44,55.44,55.44,0
2022-04-01 13:30:00,55.44,55.44,55.44,55.44,0
2022-04-01 13:31:00,55.44,55.44,55.44,55.44,0
2022-04-01 13:32:00,55.44,55.44,55.44,55.44,0
2022-04-01 13:33:00,55.44,55.44,55.44,55.44,0
2022-04-01 13:34:00,55.44,55.44,55.44,55.44,0
2022-04-01 13:35:00,55.44,55.44,55.44,55.44,0
2022-04-01 13:36:00,55.3,55.3,55.3,55.3,1
2022-04-01 13:37:00,55.32,55.36,55.31,55.36,2
2022-04-01 13:38:00,55.4,55.4,55.4,55.4,1
2022-04-01 13:39:00,55.39,55.39,55.39,55.39,1
2022-04-01 13:40:00,55.43,55.45,55.43,55.45,2
2022-04-01 13:41:00,55.49,55.62,55.48,55.58,9
2022-04-01 13:42:00,55.58,55.58,55.58,55.58,0
2022-04-01 13:43:00,55.58,55.58,55.58,55.58,0
2022-04-01 13:44:00,55.58,55.58,55.52,55.52,3
2022-04-01 13:45:00,55.52,55.52,55.52,55.52,0
2022-04-01 13:46:00,55.52,55.52,55.52,55.52,0
2022-04-01 13:47:00,55.58,55.59,55.58,55.58,1
2022-04-01 13:48:00,55.47,55.54,55.47,55.48,3
2022-04-01 13:49:00,55.48,55.48,55.48,55.48,0
2022-04-01 13:50:00,55.48,55.48,55.48,55.48,0
2022-04-01 13:51:00,55.48,55.48,55.48,55.48,0
2022-04-01 13:52:00,55.48,55.48,55.48,55.48,0
2022-04-01 13:53:00,55.48,55.48,55.48,55.48,0
2022-04-01 13:54:00,55.43,55.43,55.37,55.37,3
2022-04-01 13:55:00,55.43,55.44,55.38,55.38,4
2022-04-01 13:56:00,55.38,55.38,55.38,55.38,0
2022-04-01 13:57:00,55.38,55.38,55.38,55.38,0
2022-04-01 13:58:00,55.38,55.38,55.38,55.38,0
2022-04-01 13:59:00,55.38,55.38,55.38,55.38,0
2022-04-01 14:00:00,55.38,55.38,55.38,55.38,0
2022-04-01 14:01:00,55.31,55.31,55.31,55.31,1
2022-04-01 14:02:00,55.3,55.31,55.3,55.3,1
2022-04-01 14:03:00,55.37,55.37,55.27,55.28,3
2022-04-01 14:04:00,55.2,55.43,55.19,55.43,25
2022-04-01 14:05:00,55.48,55.48,55.48,55.48,1
2022-04-01 14:06:00,55.48,55.48,55.48,55.48,0
2022-04-01 14:07:00,55.56,55.57,55.53,55.57,20
2022-04-01 14:08:00,55.5,55.54,55.5,55.53,7
2022-04-01 14:09:00,55.53,55.53,55.53,55.53,1
2022-04-01 14:10:00,55.53,55.53,55.53,55.53,0
2022-04-01 14:11:00,55.46,55.46,55.45,55.45,3
2022-04-01 14:12:00,55.5,55.5,55.47,55.47,5
2022-04-01 14:13:00,55.49,55.54,55.49,55.54,3
2022-04-01 14:14:00,55.55,55.55,55.48,55.48,4
2022-04-01 14:15:00,55.54,55.54,55.53,55.54,2
2022-04-01 14:16:00,55.52,55.52,55.52,55.52,1
2022-04-01 14:17:00,55.56,55.56,55.56,55.56,1
2022-04-01 14:18:00,55.56,55.56,55.56,55.56,0
2022-04-01 14:19:00,55.62,55.62,55.62,55.62,1
2022-04-01 14:20:00,55.56,55.61,55.56,55.61,10
2022-04-01 14:21:00,55.59,55.59,55.59,55.59,1
2022-04-01 14:22:00,55.53,55.53,55.53,55.53,1
2022-04-01 14:23:00,55.53,55.59,55.53,55.55,3
2022-04-01 14:24:00,55.55,55.55,55.55,55.55,0
2022-04-01 14:25:00,55.47,55.55,55.47,55.55,2
2022-04-01 14:26:00,55.55,55.55,55.55,55.55,0
2022-04-01 14:27:00,55.45,55.47,55.39,55.47,3
2022-04-01 14:28:00,55.53,55.58,55.46,55.55,10
2022-04-01 14:29:00,55.55,55.6,55.55,55.6,2
2022-04-01 14:30:00,55.6,55.6,55.6,55.6,3
2022-04-01 14:31:00,55.59,55.59,55.59,55.59,1
2022-04-01 14:32:00,55.59,55.59,55.59,55.59,0
2022-04-01 14:33:00,55.7,55.7,55.69,55.7,3
2022-04-01 14:34:00,55.76,55.76,55.76,55.76,1
2022-04-01 14:35:00,55.8,55.81,55.8,55.8,2
2022-04-01 14:36:00,55.79,55.79,55.69,55.78,9
2022-04-01 14:37:00,55.69,55.77,55.67,55.74,13
2022-04-01 14:38:00,55.68,55.75,55.68,55.75,3
2022-04-01 14:39:00,55.76,55.82,55.76,55.82,3
2022-04-01 14:40:00,55.87,55.87,55.83,55.84,4
2022-04-01 14:41:00,55.88,55.88,55.87,55.87,2
2022-04-01 14:42:00,55.86,55.86,55.84,55.84,6
2022-04-01 14:43:00,55.83,55.89,55.83,55.89,3
2022-04-01 14:44:00,55.89,55.89,55.89,55.89,0
2022-04-01 14:45:00,55.9,55.91,55.9,55.91,2
2022-04-01 14:46:00,55.93,55.93,55.93,55.93,2
2022-04-01 14:47:00,55.94,56.0,55.9,55.9,8
2022-04-01 14:48:00,55.95,55.96,55.95,55.96,2
2022-04-01 14:49:00,55.96,55.96,55.96,55.96,1
2022-04-01 14:50:00,55.96,55.96,55.96,55.96,0
2022-04-01 14:51:00,55.82,55.84,55.76,55.84,26
2022-04-01 14:52:00,55.84,55.84,55.84,55.84,0
2022-04-01 14:53:00,55.84,55.84,55.81,55.82,5
2022-04-01 14:54:00,55.83,55.87,55.83,55.87,4
2022-04-01 14:55:00,55.87,55.89,55.86,55.88,6
2022-04-01 14:56:00,55.95,55.95,55.95,55.95,1
2022-04-01 14:57:00,55.89,55.89,55.88,55.88,3
2022-04-01 14:58:00,55.89,55.89,55.88,55.89,1
2022-04-01 14:59:00,55.88,55.89,55.88,55.89,2
2022-04-01 15:00:00,55.89,55.89,55.89,55.89,0
2022-04-01 15:01:00,55.91,55.92,55.88,55.89,3
2022-04-01 15:02:00,55.93,55.95,55.89,55.93,5
2022-04-01 15:03:00,55.93,55.93,55.93,55.93,0
2022-04-01 15:04:00,55.99,56.0,55.99,56.0,2
2022-04-01 15:05:00,56.0,56.0,56.0,56.0,0
2022-04-01 15:06:00,55.94,55.94,55.92,55.93,3
2022-04-01 15:07:00,55.98,55.99,55.94,55.98,7
2022-04-01 15:08:00,55.91,55.92,55.91,55.91,1
2022-04-01 15:09:00,55.87,55.87,55.76,55.77,28
2022-04-01 15:10:00,55.77,55.77,55.77,55.77,0
2022-04-01 15:11:00,55.71,55.71,55.71,55.71,1
2022-04-01 15:12:00,55.64,55.64,55.63,55.64,1
2022-04-01 15:13:00,55.64,55.64,55.64,55.64,0
2022-04-01 15:14:00,55.65,55.73,55.64,55.73,10
2022-04-01 15:15:00,55.73,55.73,55.73,55.73,0
2022-04-01 15:16:00,55.63,55.66,55.63,55.66,2
2022-04-01 15:17:00,55.66,55.66,55.66,55.66,0
2022-04-01 15:18:00,55.58,55.58,55.56,55.57,2
2022-04-01 15:19:00,55.51,55.51,55.51,55.51,1
2022-04-01 15:20:00,55.51,55.51,55.51,55.51,0
2022-04-01 15:21:00,55.51,55.51,55.51,55.51,0
2022-04-01 15:22:00,55.44,55.44,55.4,55.4,4
2022-04-01 15:23:00,55.48,55.48,55.42,55.48,4
2022-04-01 15:24:00,55.48,55.49,55.46,55.46,2
2022-04-01 15:25:00,55.46,55.46,55.46,55.46,0
2022-04-01 15:26:00,55.49,55.49,55.49,55.49,1
2022-04-01 15:27:00,55.47,55.47,55.47,55.47,5
2022-04-01 15:28:00,55.47,55.47,55.47,55.47,0
2022-04-01 15:29:00,55.48,55.49,55.48,55.48,1
2022-04-01 15:30:00,55.47,55.47,55.46,55.47,1
2022-04-01 15:31:00,55.45,55.45,55.41,55.41,7
2022-04-01 15:32:00,55.41,55.41,55.33,55.33,9
2022-04-01 15:33:00,55.37,55.37,55.37,55.37,1
2022-04-01 15:34:00,55.4,55.4,55.37,55.37,5
2022-04-01 15:35:00,55.34,55.34,55.33,55.33,3
2022-04-01 15:36:00,55.28,55.28,55.27,55.28,2
2022-04-01 15:37:00,55.25,55.25,55.25,55.25,4
2022-04-01 15:38:00,55.26,55.34,55.26,55.33,8
2022-04-01 15:39:00,55.31,55.31,55.27,55.28,6
2022-04-01 15:40:00,55.31,55.37,55.31,55.36,7
2022-04-01 15:41:00,55.32,55.35,55.31,55.33,31
2022-04-01 15:42:00,55.33,55.38,55.27,55.38,25
2022-04-01 15:43:00,55.35,55.35,55.34,55.35,2
2022-04-01 15:44:00,55.32,55.34,55.31,55.31,3
2022-04-01 15:45:00,55.3,55.34,55.25,55.3,9
2022-04-01 15:46:00,55.3,55.31,55.24,55.28,9
2022-04-01 15:47:00,55.29,55.29,55.24,55.27,3
2022-04-01 15:48:00,55.24,55.26,55.21,55.21,7
2022-04-01 15:49:00,55.21,55.27,55.21,55.24,10
2022-04-01 15:50:00,55.29,55.51,55.28,55.51,19
2022-04-01 15:51:00,55.55,55.65,55.52,55.52,8
2022-04-01 15:52:00,55.53,55.53,55.39,55.39,26
2022-04-01 15:53:00,55.41,55.53,55.4,55.46,24
2022-04-01 15:54:00,55.43,55.5,55.42,55.46,10
2022-04-01 15:55:00,55.47,55.55,55.47,55.55,7
2022-04-01 15:56:00,55.51,55.54,55.49,55.52,13
2022-04-01 15:57:00,55.52,55.57,55.51,55.52,27
2022-04-01 15:58:00,55.55,55.55,55.45,55.51,35
2022-04-01 15:59:00,55.54,55.6,55.49,55.52,49
